age,income_usd,savings_usd,time_horizon,risk_tolerance,goal,stocks,etfs,bonds,crypto,cash,risk_score,risk_label,expected_return_pct
36,38000,8000,5,high,house,56.1,21.9,7.0,10.0,5.0,94.3,High,13.2
23,27000,4000,20,medium,house,49.6,24.7,13.8,4.9,7.0,58.2,Medium,7.5
43,52000,21000,10,low,retirement,24.2,20.1,35.8,1.8,18.1,24.1,Low,5.5
42,55000,14500,5,high,wealth_building,54.5,22.1,8.5,9.9,5.0,89.7,High,13.9
33,46000,16000,15,medium,retirement,46.9,24.9,16.3,5.0,6.9,51.1,Medium,9.7
32,32000,12500,25,medium,education,47.2,24.9,16.0,5.0,6.9,58.2,Medium,9.2
62,76000,88000,2,medium,retirement,29.2,25.7,32.1,0.7,12.3,53.0,Medium,7.6
36,53000,17500,7,medium,retirement,46.1,24.9,17.0,5.0,7.0,61.0,Medium,9.3
25,38000,14500,30,high,house,59.0,21.8,4.4,9.9,4.9,93.4,High,9.7
55,55000,13500,3,medium,passive_income,31.1,25.5,30.1,1.1,12.2,50.9,Medium,8.7
56,59000,50500,7,low,wealth_preservation,20.6,20.4,39.6,1.1,18.3,13.0,Low,5.5
40,48000,10000,5,low,retirement,25.0,20.0,35.0,2.0,18.0,27.7,Low,5.5
59,67000,63000,3,medium,retirement,30.0,25.6,31.3,0.9,12.2,29.4,Low,7.1
61,77000,84000,7,medium,wealth_preservation,39.7,25.6,23.6,3.8,7.3,51.3,Medium,8.4
52,60000,16000,3,medium,wealth_preservation,31.9,25.4,29.3,1.3,12.1,50.1,Medium,9.5
22,20000,3000,15,medium,education,49.9,24.7,13.5,4.9,7.0,61.9,Medium,7.6
40,44000,34500,20,medium,house,45.0,25.0,18.0,5.0,7.0,58.0,Medium,7.6
33,44000,17000,15,medium,education,46.9,24.9,16.3,5.0,6.9,51.9,Medium,7.3
28,40000,8500,30,low,retirement,28.4,19.9,31.9,2.0,17.8,25.2,Low,6.2
35,57000,24500,5,high,retirement,56.3,21.9,6.8,10.0,5.0,98.7,High,10.1
24,46000,4000,25,high,house,59.2,21.8,4.1,9.9,5.0,93.5,High,10.0
46,64000,16500,10,medium,wealth_building,43.5,25.2,19.6,4.7,7.0,60.2,Medium,9.6
32,50000,20000,25,medium,retirement,47.2,24.9,16.0,5.0,6.9,56.0,Medium,9.6
58,59000,31500,5,high,wealth_preservation,50.7,22.5,12.6,9.1,5.1,82.6,High,13.7
44,58000,9000,7,low,retirement,23.9,20.1,36.1,1.8,18.1,30.2,Low,4.5
41,61000,17500,15,medium,retirement,44.8,25.0,18.3,4.9,7.0,57.4,Medium,9.1
44,60000,34000,5,medium,retirement,44.0,25.1,19.1,4.8,7.0,65.1,Medium,7.4
66,85000,77500,7,medium,passive_income,38.4,25.8,25.0,3.6,7.2,44.5,Medium,8.2
30,32000,3500,30,medium,education,47.7,24.9,15.5,5.0,6.9,58.1,Medium,9.8
59,70000,80500,10,high,retirement,50.5,22.5,12.9,9.1,5.0,80.6,High,11.3
54,58000,39500,10,low,passive_income,21.2,20.3,39.0,1.2,18.3,21.8,Low,4.3
43,64000,43000,15,low,retirement,24.2,20.1,35.8,1.8,18.1,17.2,Low,4.9
52,65000,62500,5,medium,wealth_preservation,42.0,25.4,21.2,4.3,7.1,60.2,Medium,8.8
46,61000,25000,10,medium,house,43.5,25.2,19.6,4.7,7.0,61.6,Medium,6.6
38,35000,17500,5,low,children_education,25.6,20.0,34.5,2.0,17.9,29.7,Low,5.1
28,50000,9500,30,high,retirement,58.2,21.8,5.1,9.9,5.0,89.8,High,12.2
41,64000,51500,10,medium,children_education,44.8,25.0,18.3,4.9,7.0,65.4,Medium,7.4
38,43000,10000,7,medium,house,45.5,25.0,17.5,5.0,7.0,69.4,High,9.0
45,61000,37000,10,medium,retirement,43.8,25.2,19.3,4.7,7.0,67.7,High,9.2
22,28000,3000,25,medium,retirement,49.9,24.7,13.5,4.9,7.0,68.0,High,8.0
36,59000,8500,10,low,house,26.1,20.0,34.0,2.0,17.9,33.9,Medium,6.6
45,56000,33000,20,low,retirement,23.6,20.1,36.4,1.7,18.2,16.7,Low,5.9
38,55000,20500,20,high,retirement,55.5,22.0,7.5,10.0,5.0,82.9,High,9.4
27,32000,7500,30,medium,wealth_building,48.5,24.8,14.8,5.0,6.9,60.6,Medium,7.5
28,45000,22500,30,high,retirement,58.2,21.8,5.1,9.9,5.0,95.1,High,10.1
49,48000,38500,10,high,wealth_building,52.9,22.2,10.3,9.6,5.0,85.3,High,11.6
49,59000,53000,10,high,retirement,52.9,22.2,10.3,9.6,5.0,91.2,High,14.4
36,45000,31000,20,low,house,26.1,20.0,34.0,2.0,17.9,16.2,Low,5.3
33,53000,28000,30,low,retirement,27.0,19.9,33.2,2.0,17.9,14.5,Low,5.5
25,20000,9000,25,medium,retirement,49.1,24.8,14.3,5.0,6.8,67.2,High,9.2
43,52000,38000,15,medium,retirement,44.3,25.1,18.8,4.8,7.0,52.4,Medium,10.0
36,56000,38500,20,low,retirement,26.1,20.0,34.0,2.0,17.9,16.7,Low,4.3
50,47000,43500,2,medium,retirement,32.4,25.3,28.7,1.4,12.2,69.2,High,8.1
24,43000,13500,35,high,retirement,59.2,21.8,4.1,9.9,5.0,93.1,High,14.2
31,41000,25500,15,low,education,27.6,19.9,32.7,2.0,17.8,23.6,Low,5.6
44,53000,32000,10,high,retirement,54.1,22.1,9.0,9.8,5.0,98.8,High,10.7
64,76000,66500,3,medium,retirement,28.6,25.7,32.7,0.6,12.4,37.8,Medium,7.7
42,39000,27500,15,medium,wealth_building,44.5,25.1,18.5,4.9,7.0,53.3,Medium,9.4
64,82000,54000,10,high,retirement,49.2,22.7,14.2,8.8,5.1,82.2,High,9.2
36,49000,17000,20,high,children_education,56.1,21.9,7.0,10.0,5.0,78.6,High,11.8
37,47000,31000,15,high,wealth_building,55.8,22.0,7.3,10.0,4.9,82.6,High,12.3
50,61000,16500,10,low,retirement,22.3,20.2,37.9,1.4,18.2,18.6,Low,6.0
43,49000,30500,10,low,house,24.2,20.1,35.8,1.8,18.1,25.8,Low,6.6
41,61000,25000,7,medium,children_education,44.8,25.0,18.3,4.9,7.0,62.7,Medium,8.7
46,55000,9000,10,low,retirement,23.4,20.1,36.7,1.7,18.1,24.9,Low,5.3
58,71000,67500,3,low,wealth_preservation,9.8,20.4,48.4,-2.1,23.5,0.0,Low,6.8
29,38000,8500,25,high,house,57.9,21.9,5.3,9.9,5.0,92.3,High,11.0
44,55000,13500,7,medium,retirement,44.0,25.1,19.1,4.8,7.0,61.1,Medium,8.7
30,46000,15500,30,medium,retirement,47.7,24.9,15.5,5.0,6.9,53.1,Medium,6.6
29,32000,4500,15,medium,retirement,48.0,24.8,15.3,5.0,6.9,57.2,Medium,7.8
40,51000,34000,10,medium,wealth_building,45.0,25.0,18.0,5.0,7.0,62.6,Medium,9.7
25,40000,16000,20,medium,house,49.1,24.8,14.3,5.0,6.8,57.7,Medium,8.2
43,50000,34000,5,medium,children_education,44.3,25.1,18.8,4.8,7.0,52.8,Medium,9.6
40,44000,19000,10,medium,retirement,45.0,25.0,18.0,5.0,7.0,62.7,Medium,7.8
23,23000,4500,15,high,house,59.5,21.8,3.9,9.9,4.9,87.5,High,13.1
51,55000,34500,5,low,retirement,22.0,20.3,38.1,1.4,18.2,24.8,Low,4.4
33,54000,23000,25,high,house,56.9,21.9,6.3,10.0,4.9,78.3,High,10.4
27,32000,5000,20,medium,retirement,48.5,24.8,14.8,5.0,6.9,57.2,Medium,9.6
26,20000,10000,15,medium,education,48.8,24.8,14.5,5.0,6.9,62.7,Medium,9.5
52,57000,43000,10,low,passive_income,21.7,20.3,38.4,1.3,18.3,22.3,Low,4.8
50,59000,31000,5,medium,retirement,42.5,25.3,20.6,4.5,7.1,55.8,Medium,8.6
33,34000,12500,25,medium,house,46.9,24.9,16.3,5.0,6.9,54.7,Medium,7.0
25,29000,10500,30,low,house,29.2,19.8,31.1,2.0,17.9,28.8,Low,5.2
35,47000,10500,5,low,house,26.4,19.9,33.7,2.0,18.0,29.2,Low,6.5
28,32000,5500,20,high,wealth_building,58.2,21.8,5.1,9.9,5.0,91.6,High,12.1
35,43000,25500,10,medium,house,46.4,24.9,16.7,5.0,7.0,67.1,High,7.6
49,50000,45000,10,medium,wealth_building,42.8,25.3,20.4,4.5,7.0,60.1,Medium,8.7
28,39000,9500,15,low,house,28.4,19.9,31.9,2.0,17.8,27.5,Low,5.6
57,65000,31500,3,low,retirement,10.1,20.4,48.1,-2.1,23.5,2.6,Low,5.7
49,60000,50000,7,high,retirement,52.9,22.2,10.3,9.6,5.0,93.5,High,11.4
51,58000,45500,5,low,passive_income,22.0,20.3,38.1,1.4,18.2,22.6,Low,5.6
32,34000,20000,25,medium,house,47.2,24.9,16.0,5.0,6.9,51.8,Medium,9.8
29,40000,15500,10,high,education,57.9,21.9,5.3,9.9,5.0,100.0,High,12.4
46,61000,16500,10,low,retirement,23.4,20.1,36.7,1.7,18.1,28.0,Low,6.2
62,73000,23500,10,high,retirement,49.7,22.6,13.6,8.9,5.2,79.9,High,14.5
55,85000,46500,2,medium,wealth_preservation,31.1,25.5,30.1,1.1,12.2,63.6,Medium,6.5
34,51000,32500,20,medium,wealth_building,46.6,24.9,16.5,5.0,7.0,44.2,Medium,8.1
31,32000,6000,25,medium,education,47.4,24.9,15.8,5.0,6.9,53.4,Medium,7.8
42,46000,37500,7,medium,retirement,44.5,25.1,18.5,4.9,7.0,64.0,Medium,10.0
40,46000,29000,7,high,retirement,55.0,22.0,8.0,10.0,5.0,92.9,High,10.1
23,52000,5500,30,high,house,59.5,21.8,3.9,9.9,4.9,85.7,High,11.6
36,37000,8500,15,high,retirement,56.1,21.9,7.0,10.0,5.0,83.8,High,10.6
44,54000,14000,15,low,retirement,23.9,20.1,36.1,1.8,18.1,16.5,Low,4.7
31,42000,8000,30,medium,retirement,47.4,24.9,15.8,5.0,6.9,53.5,Medium,7.4
47,62000,29000,15,medium,retirement,43.3,25.2,19.8,4.6,7.1,51.6,Medium,9.6
22,20000,8000,30,medium,retirement,49.9,24.7,13.5,4.9,7.0,67.6,High,7.8
42,60000,25500,10,medium,retirement,44.5,25.1,18.5,4.9,7.0,56.2,Medium,9.8
49,70000,57000,10,medium,retirement,42.8,25.3,20.4,4.5,7.0,59.9,Medium,8.4
44,51000,38500,20,medium,retirement,44.0,25.1,19.1,4.8,7.0,49.7,Medium,7.5
22,20000,5500,30,high,retirement,59.8,21.8,3.6,9.9,4.9,92.6,High,9.1
28,50000,20000,20,high,house,58.2,21.8,5.1,9.9,5.0,95.6,High,11.3
40,49000,26000,7,medium,retirement,45.0,25.0,18.0,5.0,7.0,63.2,Medium,7.7
47,65000,34500,15,high,children_education,53.3,22.2,9.8,9.7,5.0,73.6,High,10.3
23,36000,3500,25,low,house,29.8,19.8,30.6,2.0,17.8,20.1,Low,6.3
27,37000,11500,30,medium,retirement,48.5,24.8,14.8,5.0,6.9,58.4,Medium,9.4
51,53000,35500,3,medium,travel,32.1,25.3,29.0,1.4,12.2,51.4,Medium,7.0
64,66000,52000,7,low,wealth_preservation,18.3,20.6,42.0,0.6,18.5,10.0,Low,6.0
46,55000,29000,7,high,wealth_building,53.6,22.2,9.5,9.7,5.0,93.4,High,9.2
46,65000,11500,15,medium,wealth_building,43.5,25.2,19.6,4.7,7.0,51.4,Medium,9.9
63,84000,92000,3,high,retirement,39.2,22.6,22.1,5.8,10.3,64.2,Medium,12.6
31,32000,15500,15,medium,house,47.4,24.9,15.8,5.0,6.9,59.1,Medium,9.3
34,51000,23500,20,medium,wealth_building,46.6,24.9,16.5,5.0,7.0,54.6,Medium,6.6
55,72000,66000,10,medium,wealth_preservation,41.2,25.5,22.0,4.2,7.1,58.6,Medium,7.9
39,58000,44500,15,medium,retirement,45.3,25.0,17.7,5.0,7.0,53.9,Medium,9.1
31,38000,9500,20,medium,retirement,47.4,24.9,15.8,5.0,6.9,50.8,Medium,6.6
68,66000,66000,3,high,wealth_preservation,37.9,22.8,23.5,5.5,10.3,58.3,Medium,9.5
37,66000,15000,20,medium,wealth_building,45.8,25.0,17.2,5.0,7.0,50.3,Medium,8.8
43,43000,11500,7,medium,children_education,44.3,25.1,18.8,4.8,7.0,61.9,Medium,7.7
25,31000,12500,30,medium,wealth_building,49.1,24.8,14.3,5.0,6.8,55.5,Medium,7.3
31,60000,24000,15,high,retirement,57.4,21.9,5.8,9.9,5.0,87.5,High,9.8
56,71000,50000,2,medium,retirement,30.8,25.5,30.4,1.1,12.2,55.6,Medium,7.4
47,53000,17500,15,medium,wealth_building,43.3,25.2,19.8,4.6,7.1,50.5,Medium,8.2
39,60000,21500,15,low,retirement,25.3,20.0,34.7,2.0,18.0,19.5,Low,6.6
51,69000,62500,5,high,passive_income,52.4,22.3,10.8,9.5,5.0,91.3,High,13.1
43,50000,38500,15,medium,children_education,44.3,25.1,18.8,4.8,7.0,53.5,Medium,7.0
34,39000,22500,30,medium,retirement,46.6,24.9,16.5,5.0,7.0,55.5,Medium,7.5
43,55000,18000,10,medium,children_education,44.3,25.1,18.8,4.8,7.0,61.9,Medium,6.9
49,67000,29500,10,high,retirement,52.9,22.2,10.3,9.6,5.0,90.3,High,14.6
45,56000,38000,5,low,retirement,23.6,20.1,36.4,1.7,18.2,24.8,Low,5.9
24,35000,3000,10,medium,house,49.3,24.8,14.0,5.0,6.9,68.2,High,9.2
45,44000,39500,10,medium,retirement,43.8,25.2,19.3,4.7,7.0,59.4,Medium,9.3
46,68000,24500,20,medium,retirement,43.5,25.2,19.6,4.7,7.0,56.1,Medium,9.8
37,38000,11000,20,medium,wealth_building,45.8,25.0,17.2,5.0,7.0,59.6,Medium,7.3
31,41000,12000,35,medium,education,47.4,24.9,15.8,5.0,6.9,53.1,Medium,7.1
55,71000,68000,7,low,retirement,20.9,20.4,39.3,1.1,18.3,26.4,Low,4.1
60,81000,55000,2,medium,passive_income,29.7,25.6,31.6,0.8,12.3,52.0,Medium,8.0
30,34000,13500,20,low,house,27.8,19.9,32.4,2.0,17.9,19.7,Low,5.4
22,29000,7000,30,high,wealth_building,59.8,21.8,3.6,9.9,4.9,87.6,High,14.2
50,63000,16000,3,high,retirement,42.5,22.3,18.6,6.5,10.1,75.8,High,12.0
43,59000,9000,10,medium,retirement,44.3,25.1,18.8,4.8,7.0,68.7,High,7.7
23,30000,4000,25,low,wealth_building,29.8,19.8,30.6,2.0,17.8,23.2,Low,4.6
29,41000,18000,10,high,retirement,57.9,21.9,5.3,9.9,5.0,95.9,High,12.2
47,63000,49500,10,high,retirement,53.3,22.2,9.8,9.7,5.0,93.3,High,14.4
41,51000,29500,10,low,retirement,24.7,20.0,35.3,1.9,18.1,32.8,Low,4.2
32,34000,18000,30,medium,house,47.2,24.9,16.0,5.0,6.9,51.8,Medium,9.0
31,32000,14500,15,medium,retirement,47.4,24.9,15.8,5.0,6.9,56.3,Medium,8.1
55,73000,42000,3,medium,travel,31.1,25.5,30.1,1.1,12.2,50.0,Medium,6.6
55,54000,46000,5,high,travel,51.4,22.4,11.8,9.3,5.1,96.6,High,11.5
33,50000,11500,30,low,wealth_building,27.0,19.9,33.2,2.0,17.9,20.0,Low,4.4
47,63000,34000,7,high,retirement,53.3,22.2,9.8,9.7,5.0,89.5,High,12.1
35,36000,12500,20,medium,children_education,46.4,24.9,16.7,5.0,7.0,54.6,Medium,7.6
50,51000,11500,3,medium,retirement,32.4,25.3,28.7,1.4,12.2,46.8,Medium,9.4
37,53000,29500,7,medium,retirement,45.8,25.0,17.2,5.0,7.0,57.4,Medium,9.1
45,67000,50500,10,high,retirement,53.8,22.1,9.3,9.8,5.0,90.8,High,9.7
32,42000,25500,10,medium,house,47.2,24.9,16.0,5.0,6.9,61.1,Medium,9.8
34,40000,8000,35,high,retirement,56.6,21.9,6.5,10.0,5.0,83.4,High,14.7
44,55000,29000,10,low,retirement,23.9,20.1,36.1,1.8,18.1,31.2,Low,4.1
34,37000,18500,35,medium,wealth_building,46.6,24.9,16.5,5.0,7.0,56.1,Medium,8.1
55,70000,66500,10,low,retirement,20.9,20.4,39.3,1.1,18.3,19.9,Low,5.9
55,63000,65500,5,low,retirement,20.9,20.4,39.3,1.1,18.3,23.8,Low,6.0
36,41000,21000,20,medium,wealth_building,46.1,24.9,17.0,5.0,7.0,54.3,Medium,7.9
55,69000,59500,7,medium,retirement,41.2,25.5,22.0,4.2,7.1,64.2,Medium,8.8
52,68000,37500,7,medium,retirement,42.0,25.4,21.2,4.3,7.1,61.7,Medium,6.5
34,34000,17500,25,medium,retirement,46.6,24.9,16.5,5.0,7.0,46.9,Medium,7.8
31,42000,19000,30,medium,house,47.4,24.9,15.8,5.0,6.9,51.2,Medium,9.5
40,48000,17500,10,medium,house,45.0,25.0,18.0,5.0,7.0,62.3,Medium,8.4
43,61000,40000,20,medium,retirement,44.3,25.1,18.8,4.8,7.0,53.9,Medium,6.5
44,54000,44500,5,high,retirement,54.1,22.1,9.0,9.8,5.0,92.9,High,9.6
39,43000,14000,15,medium,retirement,45.3,25.0,17.7,5.0,7.0,48.7,Medium,8.6
47,55000,14000,7,low,retirement,23.1,20.2,37.0,1.6,18.1,19.6,Low,5.6
47,61000,22000,20,medium,children_education,43.3,25.2,19.8,4.6,7.1,46.8,Medium,8.4
24,36000,11500,30,medium,retirement,49.3,24.8,14.0,5.0,6.9,60.9,Medium,7.2
43,64000,50500,10,medium,children_education,44.3,25.1,18.8,4.8,7.0,60.4,Medium,7.5
52,77000,19500,5,medium,passive_income,42.0,25.4,21.2,4.3,7.1,55.8,Medium,7.1
48,58000,13500,5,low,house,22.8,20.2,37.3,1.5,18.2,27.3,Low,5.6
31,52000,18500,35,high,wealth_building,57.4,21.9,5.8,9.9,5.0,77.0,High,11.4
37,56000,41000,7,medium,children_education,45.8,25.0,17.2,5.0,7.0,67.4,High,8.5
32,33000,10000,15,medium,retirement,47.2,24.9,16.0,5.0,6.9,51.0,Medium,9.3
31,49000,21500,25,medium,house,47.4,24.9,15.8,5.0,6.9,54.5,Medium,8.8
69,87000,93000,5,medium,passive_income,37.6,25.9,25.9,3.4,7.2,52.4,Medium,9.9
29,30000,10500,15,medium,wealth_building,48.0,24.8,15.3,5.0,6.9,61.9,Medium,7.7
45,53000,14000,20,high,house,53.8,22.1,9.3,9.8,5.0,75.5,High,14.1
40,46000,29500,7,high,children_education,55.0,22.0,8.0,10.0,5.0,93.2,High,13.3
23,23000,5000,15,high,house,59.5,21.8,3.9,9.9,4.9,86.6,High,10.8
36,64000,27500,20,medium,wealth_building,46.1,24.9,17.0,5.0,7.0,48.6,Medium,9.5
30,36000,19500,35,high,wealth_building,57.7,21.9,5.6,9.9,4.9,88.6,High,10.8
26,25000,9500,20,high,house,58.7,21.8,4.6,9.9,5.0,88.2,High,13.9
28,57000,25500,20,medium,house,48.3,24.8,15.0,5.0,6.9,58.4,Medium,7.0
35,50000,18500,10,medium,retirement,46.4,24.9,16.7,5.0,7.0,63.6,Medium,6.9
44,61000,38000,7,medium,children_education,44.0,25.1,19.1,4.8,7.0,56.2,Medium,8.1
25,29000,4000,20,medium,wealth_building,49.1,24.8,14.3,5.0,6.8,58.5,Medium,6.7
40,39000,21500,10,medium,retirement,45.0,25.0,18.0,5.0,7.0,66.0,High,9.6
38,45000,17500,15,low,children_education,25.6,20.0,34.5,2.0,17.9,13.6,Low,4.0
37,45000,13000,15,medium,house,45.8,25.0,17.2,5.0,7.0,52.9,Medium,7.3
22,22000,6000,25,high,retirement,59.8,21.8,3.6,9.9,4.9,90.2,High,11.9
29,48000,15500,25,medium,house,48.0,24.8,15.3,5.0,6.9,55.9,Medium,9.2
57,77000,46500,3,high,retirement,40.7,22.5,20.5,6.1,10.2,61.6,Medium,14.4
38,60000,41500,10,low,retirement,25.6,20.0,34.5,2.0,17.9,33.2,Medium,5.6
29,39000,16500,10,medium,wealth_building,48.0,24.8,15.3,5.0,6.9,76.3,High,6.8
25,27000,5500,20,low,wealth_building,29.2,19.8,31.1,2.0,17.9,30.9,Low,4.6
29,41000,19000,20,medium,retirement,48.0,24.8,15.3,5.0,6.9,56.6,Medium,9.9
33,48000,15500,20,medium,house,46.9,24.9,16.3,5.0,6.9,58.9,Medium,9.2
44,52000,44500,15,medium,wealth_building,44.0,25.1,19.1,4.8,7.0,51.5,Medium,8.6
42,60000,36000,7,medium,wealth_building,44.5,25.1,18.5,4.9,7.0,64.3,Medium,7.3
36,33000,16000,20,medium,retirement,46.1,24.9,17.0,5.0,7.0,45.3,Medium,7.2
56,57000,54000,7,high,travel,51.2,22.4,12.1,9.2,5.1,82.0,High,10.5
49,72000,54500,15,low,retirement,22.5,20.2,37.6,1.5,18.2,14.8,Low,5.6
68,80000,84000,7,medium,retirement,37.9,25.9,25.6,3.4,7.2,44.4,Medium,9.4
48,80000,45500,7,low,children_education,22.8,20.2,37.3,1.5,18.2,29.8,Low,6.6
44,51000,24500,5,medium,children_education,44.0,25.1,19.1,4.8,7.0,63.3,Medium,10.0
27,46000,8500,25,low,house,28.7,19.8,31.6,2.0,17.9,23.7,Low,4.6
35,48000,5500,15,medium,children_education,46.4,24.9,16.7,5.0,7.0,59.2,Medium,7.2
65,67000,25500,3,high,travel,38.7,22.7,22.7,5.7,10.2,59.6,Medium,11.2
38,54000,27000,10,medium,children_education,45.5,25.0,17.5,5.0,7.0,64.1,Medium,6.5
43,65000,13500,10,medium,house,44.3,25.1,18.8,4.8,7.0,59.3,Medium,6.7
42,69000,39000,15,high,retirement,54.5,22.1,8.5,9.9,5.0,89.3,High,14.0
40,61000,37000,15,medium,retirement,45.0,25.0,18.0,5.0,7.0,49.8,Medium,7.0
34,38000,9000,25,low,education,26.7,19.9,33.4,2.0,18.0,18.5,Low,6.8
44,71000,51500,7,medium,children_education,44.0,25.1,19.1,4.8,7.0,57.1,Medium,7.8
42,44000,17500,10,medium,retirement,44.5,25.1,18.5,4.9,7.0,63.3,Medium,9.4
32,27000,16500,20,medium,wealth_building,47.2,24.9,16.0,5.0,6.9,54.6,Medium,9.4
30,38000,13000,15,medium,wealth_building,47.7,24.9,15.5,5.0,6.9,59.8,Medium,8.2
38,56000,12500,10,medium,children_education,45.5,25.0,17.5,5.0,7.0,65.9,Medium,8.8
64,69000,33000,10,medium,retirement,38.9,25.7,24.5,3.7,7.2,42.4,Medium,9.2
38,45000,7500,20,medium,house,45.5,25.0,17.5,5.0,7.0,52.7,Medium,7.9
35,48000,21500,20,medium,retirement,46.4,24.9,16.7,5.0,7.0,53.7,Medium,7.4
48,52000,32000,10,high,house,53.1,22.2,10.0,9.6,5.1,92.6,High,11.1
27,33000,6500,35,high,house,58.4,21.8,4.8,9.9,5.1,87.3,High,9.7
54,63000,51500,5,medium,retirement,41.5,25.4,21.7,4.2,7.2,59.2,Medium,8.2
29,35000,10500,30,medium,retirement,48.0,24.8,15.3,5.0,6.9,67.4,High,8.3
52,58000,49500,3,medium,retirement,31.9,25.4,29.3,1.3,12.1,47.1,Medium,7.7
49,51000,45000,15,high,retirement,52.9,22.2,10.3,9.6,5.0,80.5,High,11.7
68,80000,100500,5,medium,retirement,37.9,25.9,25.6,3.4,7.2,41.8,Medium,8.8
52,73000,73500,3,medium,retirement,31.9,25.4,29.3,1.3,12.1,45.1,Medium,9.3
42,64000,26500,20,medium,retirement,44.5,25.1,18.5,4.9,7.0,54.0,Medium,8.9
51,68000,64000,3,high,retirement,42.3,22.3,18.9,6.4,10.1,76.0,High,10.2
30,42000,7500,25,low,retirement,27.8,19.9,32.4,2.0,17.9,22.8,Low,6.6
51,66000,34500,10,low,passive_income,22.0,20.3,38.1,1.4,18.2,24.8,Low,4.5
56,58000,11500,5,medium,passive_income,41.0,25.5,22.3,4.1,7.1,47.1,Medium,9.6
26,28000,13000,30,medium,wealth_building,48.8,24.8,14.5,5.0,6.9,62.3,Medium,7.6
39,49000,18000,10,high,retirement,55.3,22.0,7.8,10.0,4.9,97.7,High,10.0
47,55000,23500,10,low,children_education,23.1,20.2,37.0,1.6,18.1,24.3,Low,5.9
35,45000,31000,10,medium,children_education,46.4,24.9,16.7,5.0,7.0,68.2,High,7.6
45,54000,42000,7,low,children_education,23.6,20.1,36.4,1.7,18.2,28.5,Low,5.5
33,51000,32000,35,low,wealth_building,27.0,19.9,33.2,2.0,17.9,14.0,Low,6.0
32,44000,18000,15,medium,house,47.2,24.9,16.0,5.0,6.9,56.5,Medium,9.5
41,55000,11500,10,medium,children_education,44.8,25.0,18.3,4.9,7.0,61.8,Medium,9.7
33,40000,24500,30,high,retirement,56.9,21.9,6.3,10.0,4.9,86.6,High,14.8
47,67000,25500,15,medium,children_education,43.3,25.2,19.8,4.6,7.1,48.4,Medium,8.4
27,21000,7500,20,medium,wealth_building,48.5,24.8,14.8,5.0,6.9,58.6,Medium,6.7
58,73000,56000,7,medium,retirement,40.5,25.6,22.8,4.0,7.1,51.2,Medium,7.3
51,62000,63000,7,medium,retirement,42.3,25.3,20.9,4.4,7.1,57.6,Medium,9.4
43,57000,42000,15,low,house,24.2,20.1,35.8,1.8,18.1,19.6,Low,5.3
34,56000,25500,35,medium,house,46.6,24.9,16.5,5.0,7.0,52.1,Medium,8.7
42,46000,23000,7,medium,house,44.5,25.1,18.5,4.9,7.0,65.0,Medium,8.8
64,88000,66500,5,medium,retirement,38.9,25.7,24.5,3.7,7.2,48.4,Medium,7.8
39,49000,12500,10,medium,retirement,45.3,25.0,17.7,5.0,7.0,54.3,Medium,8.3
22,39000,11000,25,high,education,59.8,21.8,3.6,9.9,4.9,88.1,High,11.4
26,28000,6500,25,high,house,58.7,21.8,4.6,9.9,5.0,90.7,High,13.2
69,79000,54000,5,medium,travel,37.6,25.9,25.9,3.4,7.2,42.0,Medium,9.0
43,63000,52000,15,medium,house,44.3,25.1,18.8,4.8,7.0,49.4,Medium,6.7
32,43000,20500,15,medium,house,47.2,24.9,16.0,5.0,6.9,51.4,Medium,7.8
28,49000,6000,15,medium,education,48.3,24.8,15.0,5.0,6.9,57.6,Medium,8.8
45,67000,10500,10,high,house,53.8,22.1,9.3,9.8,5.0,84.2,High,14.2
47,60000,16000,5,medium,retirement,43.3,25.2,19.8,4.6,7.1,57.6,Medium,8.2
42,38000,24500,15,high,children_education,54.5,22.1,8.5,9.9,5.0,84.7,High,11.6
45,50000,37000,10,low,children_education,23.6,20.1,36.4,1.7,18.2,22.1,Low,6.6
60,58000,45500,3,low,passive_income,9.2,20.5,49.0,-2.3,23.6,0.0,Low,6.1
36,45000,9500,15,medium,retirement,46.1,24.9,17.0,5.0,7.0,48.3,Medium,6.6
44,45000,9000,10,medium,children_education,44.0,25.1,19.1,4.8,7.0,66.2,High,8.6
35,61000,12000,10,medium,house,46.4,24.9,16.7,5.0,7.0,61.5,Medium,9.9
36,38000,5000,15,medium,retirement,46.1,24.9,17.0,5.0,7.0,51.7,Medium,9.7
28,36000,18500,30,high,education,58.2,21.8,5.1,9.9,5.0,90.2,High,10.7
65,66000,38500,5,medium,passive_income,38.7,25.8,24.7,3.6,7.2,39.7,Medium,8.4
49,61000,25000,7,medium,retirement,42.8,25.3,20.4,4.5,7.0,64.9,Medium,7.7
32,42000,12500,25,medium,house,47.2,24.9,16.0,5.0,6.9,55.9,Medium,8.7
39,53000,26500,10,medium,retirement,45.3,25.0,17.7,5.0,7.0,66.2,High,6.6
39,38000,29000,20,low,house,25.3,20.0,34.7,2.0,18.0,19.1,Low,6.6
28,34000,16000,20,high,education,58.2,21.8,5.1,9.9,5.0,90.4,High,9.9
38,49000,33000,10,medium,retirement,45.5,25.0,17.5,5.0,7.0,64.3,Medium,7.2
49,64000,36000,10,high,wealth_building,52.9,22.2,10.3,9.6,5.0,80.5,High,11.4
53,67000,68500,3,medium,wealth_preservation,31.6,25.4,29.6,1.2,12.2,53.0,Medium,8.0
54,64000,41000,5,high,retirement,51.7,22.4,11.6,9.3,5.0,92.8,High,11.9
45,65000,16500,7,medium,children_education,43.8,25.2,19.3,4.7,7.0,65.5,Medium,7.5
31,37000,4000,30,high,wealth_building,57.4,21.9,5.8,9.9,5.0,87.2,High,9.9
49,68000,53500,15,low,retirement,22.5,20.2,37.6,1.5,18.2,20.0,Low,5.5
26,22000,2500,20,medium,wealth_building,48.8,24.8,14.5,5.0,6.9,53.4,Medium,9.8
25,34000,7000,15,medium,wealth_building,49.1,24.8,14.3,5.0,6.8,62.6,Medium,9.0
24,31000,6000,20,medium,wealth_building,49.3,24.8,14.0,5.0,6.9,57.5,Medium,9.8
37,46000,19000,7,low,wealth_building,25.9,20.0,34.2,2.0,17.9,31.0,Low,5.8
35,39000,25000,10,medium,house,46.4,24.9,16.7,5.0,7.0,64.7,Medium,8.7
25,25000,9500,30,high,house,59.0,21.8,4.4,9.9,4.9,92.9,High,12.1
28,31000,10000,20,medium,house,48.3,24.8,15.0,5.0,6.9,63.2,Medium,6.7
49,57000,22000,15,medium,children_education,42.8,25.3,20.4,4.5,7.0,50.1,Medium,6.5
32,35000,5500,25,medium,wealth_building,47.2,24.9,16.0,5.0,6.9,58.4,Medium,7.6
51,60000,56500,3,high,retirement,42.3,22.3,18.9,6.4,10.1,81.5,High,13.1
39,63000,37000,5,medium,children_education,45.3,25.0,17.7,5.0,7.0,57.3,Medium,8.8
66,71000,24000,7,low,retirement,17.8,20.6,42.6,0.5,18.5,14.6,Low,5.1
64,55000,38500,3,medium,retirement,28.6,25.7,32.7,0.6,12.4,34.0,Medium,6.7
50,73000,64000,3,low,retirement,12.1,20.2,46.0,-1.6,23.3,11.9,Low,6.6
31,49000,12500,15,low,wealth_building,27.6,19.9,32.7,2.0,17.8,26.0,Low,4.9
44,69000,20000,15,medium,retirement,44.0,25.1,19.1,4.8,7.0,48.3,Medium,6.7
27,22000,10500,10,medium,house,48.5,24.8,14.8,5.0,6.9,70.2,High,6.6
28,35000,10000,25,low,retirement,28.4,19.9,31.9,2.0,17.8,14.6,Low,5.4
65,93000,51500,7,low,retirement,18.0,20.6,42.3,0.5,18.6,11.4,Low,6.9
28,35000,7500,10,medium,wealth_building,48.3,24.8,15.0,5.0,6.9,70.4,High,8.3
35,54000,37000,15,medium,wealth_building,46.4,24.9,16.7,5.0,7.0,47.9,Medium,9.2
50,45000,19000,2,low,retirement,12.1,20.2,46.0,-1.6,23.3,24.4,Low,5.5
49,57000,54000,20,low,wealth_building,22.5,20.2,37.6,1.5,18.2,15.2,Low,5.6
65,76000,35000,3,medium,passive_income,28.4,25.8,33.0,0.5,12.3,31.0,Low,9.2
42,57000,33500,10,low,retirement,24.5,20.0,35.6,1.9,18.0,25.9,Low,5.0
60,70000,76500,5,medium,retirement,40.0,25.6,23.4,3.9,7.1,39.7,Medium,6.5
44,48000,41000,10,medium,house,44.0,25.1,19.1,4.8,7.0,60.7,Medium,8.9
25,40000,11000,25,medium,retirement,49.1,24.8,14.3,5.0,6.8,57.7,Medium,7.1
38,53000,15000,20,medium,wealth_building,45.5,25.0,17.5,5.0,7.0,54.2,Medium,10.0
47,60000,21500,10,low,retirement,23.1,20.2,37.0,1.6,18.1,27.2,Low,5.9
67,84000,104000,10,high,retirement,48.5,22.7,15.0,8.7,5.1,73.3,High,14.9
49,62000,46500,7,low,children_education,22.5,20.2,37.6,1.5,18.2,20.3,Low,4.5
42,54000,8000,5,medium,wealth_building,44.5,25.1,18.5,4.9,7.0,68.1,High,7.3
44,51000,39000,15,medium,retirement,44.0,25.1,19.1,4.8,7.0,47.0,Medium,6.6
39,44000,14000,10,high,wealth_building,55.3,22.0,7.8,10.0,4.9,93.8,High,9.3
49,52000,40500,20,high,house,52.9,22.2,10.3,9.6,5.0,73.7,High,11.1
51,65000,31000,5,medium,retirement,42.3,25.3,20.9,4.4,7.1,53.2,Medium,9.7
27,24000,2500,10,medium,wealth_building,48.5,24.8,14.8,5.0,6.9,69.9,High,7.5
64,65000,54000,5,low,retirement,18.3,20.6,42.0,0.6,18.5,18.8,Low,5.1
57,79000,51000,5,medium,passive_income,40.7,25.5,22.5,4.1,7.2,46.3,Medium,7.2
34,41000,6500,15,high,house,56.6,21.9,6.5,10.0,5.0,85.2,High,11.5
52,59000,45500,7,low,retirement,21.7,20.3,38.4,1.3,18.3,28.3,Low,6.6
41,48000,8000,7,low,retirement,24.7,20.0,35.3,1.9,18.1,20.9,Low,5.2
40,46000,15500,7,medium,children_education,45.0,25.0,18.0,5.0,7.0,58.3,Medium,9.9
31,51000,27500,25,medium,house,47.4,24.9,15.8,5.0,6.9,57.3,Medium,9.0
52,59000,56500,7,high,wealth_preservation,52.2,22.3,11.0,9.4,5.1,84.8,High,11.4
42,49000,25500,15,medium,children_education,44.5,25.1,18.5,4.9,7.0,52.8,Medium,8.5
64,64000,62500,7,medium,retirement,38.9,25.7,24.5,3.7,7.2,49.2,Medium,8.3
35,54000,21000,20,low,children_education,26.4,19.9,33.7,2.0,18.0,22.8,Low,6.6
32,38000,11000,20,high,wealth_building,57.1,21.9,6.1,10.0,4.9,85.9,High,13.2
47,65000,35500,10,medium,children_education,43.3,25.2,19.8,4.6,7.1,60.9,Medium,9.1
36,46000,12000,15,high,house,56.1,21.9,7.0,10.0,5.0,84.8,High,14.8
24,47000,20000,20,high,house,59.2,21.8,4.1,9.9,5.0,90.1,High,11.4
28,28000,14000,30,low,retirement,28.4,19.9,31.9,2.0,17.8,21.2,Low,5.9
42,55000,19000,10,medium,house,44.5,25.1,18.5,4.9,7.0,59.3,Medium,7.7
48,56000,44000,7,medium,children_education,43.0,25.2,20.1,4.6,7.1,59.7,Medium,7.7
24,37000,12500,30,high,retirement,59.2,21.8,4.1,9.9,5.0,89.4,High,11.5
49,60000,23500,10,high,retirement,52.9,22.2,10.3,9.6,5.0,88.0,High,12.1
30,52000,23500,25,medium,house,47.7,24.9,15.5,5.0,6.9,51.8,Medium,7.4
30,26000,6500,30,high,house,57.7,21.9,5.6,9.9,4.9,83.4,High,9.5
25,33000,4000,25,low,house,29.2,19.8,31.1,2.0,17.9,26.5,Low,4.8
22,40000,12000,20,medium,house,49.9,24.7,13.5,4.9,7.0,64.6,Medium,9.5
63,74000,61000,5,low,retirement,18.6,20.6,41.7,0.6,18.5,12.2,Low,4.0
42,51000,41500,10,high,retirement,54.5,22.1,8.5,9.9,5.0,85.3,High,13.0
67,73000,77500,10,medium,retirement,38.1,25.8,25.3,3.5,7.3,44.5,Medium,8.0
47,60000,38000,10,medium,children_education,43.3,25.2,19.8,4.6,7.1,60.2,Medium,6.8
30,42000,4500,20,medium,retirement,47.7,24.9,15.5,5.0,6.9,56.5,Medium,7.4
25,47000,16000,30,high,education,59.0,21.8,4.4,9.9,4.9,88.6,High,14.0
52,52000,37000,5,low,retirement,21.7,20.3,38.4,1.3,18.3,25.3,Low,4.2
36,48000,21500,7,medium,wealth_building,46.1,24.9,17.0,5.0,7.0,66.2,High,8.8
51,78000,29500,5,medium,retirement,42.3,25.3,20.9,4.4,7.1,56.5,Medium,8.8
62,70000,16000,3,medium,retirement,29.2,25.7,32.1,0.7,12.3,27.4,Low,8.2
61,75000,46500,5,medium,retirement,39.7,25.6,23.6,3.8,7.3,45.2,Medium,7.1
25,38000,17000,30,medium,retirement,49.1,24.8,14.3,5.0,6.8,56.0,Medium,7.5
34,45000,19000,25,medium,wealth_building,46.6,24.9,16.5,5.0,7.0,46.8,Medium,9.3
34,35000,14000,35,high,retirement,56.6,21.9,6.5,10.0,5.0,77.9,High,11.4
41,42000,30500,15,high,wealth_building,54.8,22.0,8.2,10.0,5.0,82.2,High,13.5
38,40000,22000,7,low,retirement,25.6,20.0,34.5,2.0,17.9,29.7,Low,4.4
29,39000,7000,15,medium,retirement,48.0,24.8,15.3,5.0,6.9,66.4,High,9.6
31,35000,7500,25,low,retirement,27.6,19.9,32.7,2.0,17.8,18.5,Low,4.2
36,41000,28500,10,low,retirement,26.1,20.0,34.0,2.0,17.9,25.9,Low,5.3
41,61000,15500,10,medium,wealth_building,44.8,25.0,18.3,4.9,7.0,66.3,High,8.7
41,55000,12000,10,medium,children_education,44.8,25.0,18.3,4.9,7.0,58.4,Medium,7.2
36,46000,19500,10,medium,children_education,46.1,24.9,17.0,5.0,7.0,63.8,Medium,6.7
39,67000,38500,7,medium,children_education,45.3,25.0,17.7,5.0,7.0,66.4,High,8.4
53,67000,40500,3,low,retirement,11.3,20.3,46.9,-1.8,23.3,13.6,Low,4.6
54,64000,16000,3,high,travel,41.5,22.4,19.7,6.3,10.1,81.1,High,10.2
25,31000,9500,35,high,house,59.0,21.8,4.4,9.9,4.9,93.6,High,9.4
36,44000,31500,10,medium,retirement,46.1,24.9,17.0,5.0,7.0,68.5,High,7.7
36,45000,18000,15,low,children_education,26.1,20.0,34.0,2.0,17.9,16.2,Low,4.0
31,39000,4000,30,low,house,27.6,19.9,32.7,2.0,17.8,28.1,Low,4.2
50,75000,59500,7,medium,retirement,42.5,25.3,20.6,4.5,7.1,61.5,Medium,8.8
43,49000,14000,15,low,wealth_building,24.2,20.1,35.8,1.8,18.1,19.1,Low,6.3
43,61000,34000,10,medium,house,44.3,25.1,18.8,4.8,7.0,62.8,Medium,9.0
32,37000,8500,20,medium,education,47.2,24.9,16.0,5.0,6.9,49.8,Medium,8.3
30,41000,12000,30,low,wealth_building,27.8,19.9,32.4,2.0,17.9,17.9,Low,4.8
46,60000,38500,10,medium,retirement,43.5,25.2,19.6,4.7,7.0,60.6,Medium,8.9
31,29000,13000,30,low,wealth_building,27.6,19.9,32.7,2.0,17.8,22.1,Low,4.6
26,27000,7500,10,medium,retirement,48.8,24.8,14.5,5.0,6.9,75.7,High,9.6
32,38000,17500,20,high,wealth_building,57.1,21.9,6.1,10.0,4.9,84.0,High,11.0
58,66000,49500,2,medium,travel,30.3,25.6,31.0,0.9,12.2,53.2,Medium,7.6
49,65000,63500,7,medium,retirement,42.8,25.3,20.4,4.5,7.0,61.3,Medium,7.0
23,41000,12000,20,low,retirement,29.8,19.8,30.6,2.0,17.8,23.7,Low,4.0
49,73000,14000,15,low,house,22.5,20.2,37.6,1.5,18.2,17.8,Low,5.9
55,79000,86000,7,medium,passive_income,41.2,25.5,22.0,4.2,7.1,65.5,Medium,7.9
31,46000,27000,20,medium,retirement,47.4,24.9,15.8,5.0,6.9,54.7,Medium,10.0
67,88000,90000,5,medium,retirement,38.1,25.8,25.3,3.5,7.3,47.3,Medium,8.9
45,62000,17000,10,low,children_education,23.6,20.1,36.4,1.7,18.2,25.8,Low,5.9
33,46000,20000,20,low,house,27.0,19.9,33.2,2.0,17.9,15.2,Low,6.0
53,68000,54000,7,high,travel,51.9,22.3,11.3,9.4,5.1,94.5,High,12.2
39,42000,21000,7,high,house,55.3,22.0,7.8,10.0,4.9,91.2,High,12.6
35,39000,18500,15,high,children_education,56.3,21.9,6.8,10.0,5.0,82.6,High,10.3
55,65000,56000,3,high,travel,41.2,22.4,20.0,6.2,10.2,77.5,High,9.2
57,71000,45000,7,medium,retirement,40.7,25.5,22.5,4.1,7.2,48.2,Medium,6.7
67,82000,104000,2,medium,retirement,27.8,25.8,33.6,0.4,12.4,49.3,Medium,7.2
31,27000,4000,20,medium,education,47.4,24.9,15.8,5.0,6.9,53.1,Medium,9.2
66,66000,72500,3,medium,retirement,28.1,25.8,33.3,0.5,12.3,31.5,Low,7.0
32,53000,7500,20,high,retirement,57.1,21.9,6.1,10.0,4.9,79.2,High,11.1
55,52000,36500,7,medium,passive_income,41.2,25.5,22.0,4.2,7.1,57.8,Medium,8.3
28,26000,8500,15,medium,house,48.3,24.8,15.0,5.0,6.9,62.7,Medium,9.4
24,23000,8500,25,low,wealth_building,29.5,19.8,30.9,2.0,17.8,16.6,Low,6.6
34,54000,36500,35,medium,retirement,46.6,24.9,16.5,5.0,7.0,54.0,Medium,8.2
48,35000,29000,10,high,retirement,53.1,22.2,10.0,9.6,5.1,84.4,High,11.0
38,45000,11500,20,medium,house,45.5,25.0,17.5,5.0,7.0,54.1,Medium,8.5
39,41000,20000,10,low,retirement,25.3,20.0,34.7,2.0,18.0,30.8,Low,5.7
30,32000,6000,30,medium,education,47.7,24.9,15.5,5.0,6.9,51.4,Medium,9.9
42,51000,35500,10,medium,house,44.5,25.1,18.5,4.9,7.0,57.9,Medium,9.5
51,66000,23500,3,high,retirement,42.3,22.3,18.9,6.4,10.1,73.8,High,10.6
22,32000,9500,30,high,house,59.8,21.8,3.6,9.9,4.9,91.9,High,11.1
26,41000,4500,20,medium,retirement,48.8,24.8,14.5,5.0,6.9,59.9,Medium,9.7
39,63000,14500,10,medium,house,45.3,25.0,17.7,5.0,7.0,61.8,Medium,10.0
50,73000,22500,2,medium,retirement,32.4,25.3,28.7,1.4,12.2,61.4,Medium,8.3
43,55000,27500,5,medium,house,44.3,25.1,18.8,4.8,7.0,65.1,Medium,8.0
53,52000,11500,5,medium,passive_income,41.8,25.4,21.5,4.3,7.0,57.8,Medium,7.5
29,48000,13500,30,medium,wealth_building,48.0,24.8,15.3,5.0,6.9,57.5,Medium,7.3
45,64000,28000,5,medium,children_education,43.8,25.2,19.3,4.7,7.0,61.5,Medium,8.3
50,58000,11000,10,low,travel,22.3,20.2,37.9,1.4,18.2,20.2,Low,4.8
43,46000,34500,20,high,children_education,54.3,22.1,8.8,9.9,4.9,86.2,High,10.7
33,51000,23000,35,medium,house,46.9,24.9,16.3,5.0,6.9,57.8,Medium,6.8
38,43000,28000,20,medium,retirement,45.5,25.0,17.5,5.0,7.0,47.7,Medium,9.8
25,25000,12000,25,medium,retirement,49.1,24.8,14.3,5.0,6.8,61.3,Medium,8.1
45,64000,37500,20,high,children_education,53.8,22.1,9.3,9.8,5.0,84.4,High,9.3
22,35000,8000,25,high,wealth_building,59.8,21.8,3.6,9.9,4.9,85.9,High,14.5
34,36000,8000,20,medium,house,46.6,24.9,16.5,5.0,7.0,57.2,Medium,9.4
28,39000,9000,25,medium,house,48.3,24.8,15.0,5.0,6.9,66.5,High,8.0
29,39000,21000,20,low,wealth_building,28.1,19.9,32.1,2.0,17.9,21.0,Low,6.8
52,77000,73500,3,medium,retirement,31.9,25.4,29.3,1.3,12.1,50.6,Medium,9.4
51,63000,35500,2,high,retirement,42.3,22.3,18.9,6.4,10.1,89.1,High,9.4
43,59000,13000,7,low,retirement,24.2,20.1,35.8,1.8,18.1,35.3,Medium,6.8
52,62000,29500,2,medium,passive_income,31.9,25.4,29.3,1.3,12.1,64.2,Medium,8.1
31,29000,11500,25,high,wealth_building,57.4,21.9,5.8,9.9,5.0,86.4,High,11.9
35,55000,17000,7,medium,house,46.4,24.9,16.7,5.0,7.0,61.3,Medium,8.2
53,60000,53500,7,medium,retirement,41.8,25.4,21.5,4.3,7.0,53.8,Medium,7.6
62,77000,18500,5,medium,retirement,39.4,25.7,23.9,3.8,7.2,54.3,Medium,8.8
66,92000,27000,5,medium,passive_income,38.4,25.8,25.0,3.6,7.2,47.5,Medium,9.8
45,56000,31500,10,high,children_education,53.8,22.1,9.3,9.8,5.0,88.6,High,12.7
36,43000,14500,10,low,children_education,26.1,20.0,34.0,2.0,17.9,27.5,Low,4.2
36,44000,27000,5,medium,retirement,46.1,24.9,17.0,5.0,7.0,61.7,Medium,9.6
41,53000,33500,20,medium,wealth_building,44.8,25.0,18.3,4.9,7.0,45.8,Medium,9.8
60,82000,49500,7,medium,passive_income,40.0,25.6,23.4,3.9,7.1,52.8,Medium,8.0
48,59000,49000,10,high,retirement,53.1,22.2,10.0,9.6,5.1,91.4,High,11.3
60,77000,52500,5,medium,passive_income,40.0,25.6,23.4,3.9,7.1,45.2,Medium,7.6
24,44000,9500,30,medium,education,49.3,24.8,14.0,5.0,6.9,57.5,Medium,7.9
50,64000,46000,5,medium,travel,42.5,25.3,20.6,4.5,7.1,58.5,Medium,7.1
43,49000,26000,10,medium,retirement,44.3,25.1,18.8,4.8,7.0,57.5,Medium,8.0
49,56000,10000,15,low,retirement,22.5,20.2,37.6,1.5,18.2,14.4,Low,4.7
23,28000,11500,35,high,retirement,59.5,21.8,3.9,9.9,4.9,88.1,High,9.2
42,51000,28000,5,low,retirement,24.5,20.0,35.6,1.9,18.0,27.0,Low,4.1
42,57000,29500,7,low,retirement,24.5,20.0,35.6,1.9,18.0,27.1,Low,6.7
36,42000,16000,15,high,retirement,56.1,21.9,7.0,10.0,5.0,83.3,High,10.4
52,48000,44500,2,medium,wealth_preservation,31.9,25.4,29.3,1.3,12.1,59.9,Medium,6.7
39,35000,13500,10,medium,house,45.3,25.0,17.7,5.0,7.0,59.9,Medium,9.3
49,61000,23500,10,medium,children_education,42.8,25.3,20.4,4.5,7.0,59.4,Medium,6.7
23,44000,6500,30,high,wealth_building,59.5,21.8,3.9,9.9,4.9,86.7,High,14.4
33,39000,9500,30,high,wealth_building,56.9,21.9,6.3,10.0,4.9,77.9,High,13.9
36,51000,17000,15,medium,retirement,46.1,24.9,17.0,5.0,7.0,50.3,Medium,10.0
29,43000,16000,35,high,house,57.9,21.9,5.3,9.9,5.0,93.6,High,12.7
37,33000,15500,15,medium,wealth_building,45.8,25.0,17.2,5.0,7.0,49.8,Medium,8.9
52,74000,14000,7,medium,wealth_preservation,42.0,25.4,21.2,4.3,7.1,60.3,Medium,10.0
33,49000,12000,35,medium,retirement,46.9,24.9,16.3,5.0,6.9,50.8,Medium,9.9
45,54000,35500,10,low,children_education,23.6,20.1,36.4,1.7,18.2,30.0,Low,5.7
37,55000,14500,15,medium,house,45.8,25.0,17.2,5.0,7.0,49.9,Medium,9.1
31,49000,6000,30,medium,house,47.4,24.9,15.8,5.0,6.9,55.3,Medium,9.8
34,42000,6500,20,medium,house,46.6,24.9,16.5,5.0,7.0,53.4,Medium,8.0
41,48000,28500,20,medium,wealth_building,44.8,25.0,18.3,4.9,7.0,48.6,Medium,8.5
42,48000,9500,10,medium,wealth_building,44.5,25.1,18.5,4.9,7.0,61.9,Medium,7.9
28,29000,10000,30,high,wealth_building,58.2,21.8,5.1,9.9,5.0,93.4,High,13.1
45,57000,8500,7,medium,children_education,43.8,25.2,19.3,4.7,7.0,62.1,Medium,8.7
42,63000,33500,10,medium,retirement,44.5,25.1,18.5,4.9,7.0,56.9,Medium,9.4
60,66000,39500,5,low,retirement,19.5,20.5,40.8,0.8,18.4,13.2,Low,4.0
47,50000,8500,10,high,wealth_building,53.3,22.2,9.8,9.7,5.0,87.6,High,12.4
40,52000,20000,10,medium,retirement,45.0,25.0,18.0,5.0,7.0,59.0,Medium,6.8
34,44000,18000,35,high,house,56.6,21.9,6.5,10.0,5.0,84.5,High,13.9
34,38000,19000,30,medium,retirement,46.6,24.9,16.5,5.0,7.0,46.9,Medium,8.7
28,51000,21500,30,medium,house,48.3,24.8,15.0,5.0,6.9,62.4,Medium,9.1
43,52000,30500,15,medium,retirement,44.3,25.1,18.8,4.8,7.0,44.6,Medium,9.9
27,56000,18500,15,medium,retirement,48.5,24.8,14.8,5.0,6.9,57.2,Medium,8.5
41,58000,40500,5,medium,children_education,44.8,25.0,18.3,4.9,7.0,57.0,Medium,7.4
34,51000,29000,25,low,house,26.7,19.9,33.4,2.0,18.0,20.0,Low,5.9
39,55000,27000,10,high,retirement,55.3,22.0,7.8,10.0,4.9,88.8,High,10.9
24,39000,8500,30,high,wealth_building,59.2,21.8,4.1,9.9,5.0,94.0,High,11.7
37,50000,36000,10,medium,retirement,45.8,25.0,17.2,5.0,7.0,59.0,Medium,8.3
29,22000,6500,15,high,house,57.9,21.9,5.3,9.9,5.0,86.4,High,11.3
45,74000,14500,15,high,house,53.8,22.1,9.3,9.8,5.0,78.0,High,14.7
29,58000,22000,25,medium,retirement,48.0,24.8,15.3,5.0,6.9,57.2,Medium,7.9
29,32000,4000,25,low,wealth_building,28.1,19.9,32.1,2.0,17.9,27.7,Low,5.7
35,47000,7500,10,high,retirement,56.3,21.9,6.8,10.0,5.0,98.7,High,10.8
28,35000,13000,15,high,wealth_building,58.2,21.8,5.1,9.9,5.0,84.7,High,12.5
53,63000,46000,7,low,retirement,21.4,20.3,38.7,1.2,18.4,20.7,Low,6.8
28,42000,4500,25,medium,house,48.3,24.8,15.0,5.0,6.9,56.4,Medium,9.8
45,69000,59500,5,high,retirement,53.8,22.1,9.3,9.8,5.0,90.8,High,13.9
33,42000,19500,25,medium,house,46.9,24.9,16.3,5.0,6.9,49.4,Medium,9.7
36,44000,6500,15,high,house,56.1,21.9,7.0,10.0,5.0,77.2,High,11.1
51,71000,50000,7,low,retirement,22.0,20.3,38.1,1.4,18.2,25.7,Low,6.9
41,42000,23500,10,medium,retirement,44.8,25.0,18.3,4.9,7.0,64.1,Medium,8.6
49,50000,35500,5,medium,retirement,42.8,25.3,20.4,4.5,7.0,60.6,Medium,7.1
30,35000,10500,25,medium,house,47.7,24.9,15.5,5.0,6.9,53.7,Medium,9.4
28,31000,4000,25,low,wealth_building,28.4,19.9,31.9,2.0,17.8,25.2,Low,5.7
65,94000,25000,10,high,retirement,49.0,22.7,14.4,8.8,5.1,78.5,High,9.5
29,25000,6500,35,low,education,28.1,19.9,32.1,2.0,17.9,25.5,Low,4.4
36,40000,5000,15,low,retirement,26.1,20.0,34.0,2.0,17.9,19.1,Low,5.5
37,49000,28000,10,medium,retirement,45.8,25.0,17.2,5.0,7.0,65.0,Medium,6.8
30,45000,17000,25,high,retirement,57.7,21.9,5.6,9.9,4.9,88.1,High,10.7
35,50000,30000,7,medium,retirement,46.4,24.9,16.7,5.0,7.0,61.9,Medium,9.9
30,35000,16500,25,low,wealth_building,27.8,19.9,32.4,2.0,17.9,24.1,Low,6.4
55,67000,21000,5,medium,retirement,41.2,25.5,22.0,4.2,7.1,57.0,Medium,8.3
69,85000,58500,2,medium,travel,27.2,25.9,34.1,0.3,12.5,44.2,Medium,9.6
59,81000,54500,5,medium,passive_income,40.2,25.6,23.1,4.0,7.1,42.7,Medium,8.5
29,59000,22000,20,low,retirement,28.1,19.9,32.1,2.0,17.9,19.6,Low,5.1
50,51000,38000,5,low,passive_income,22.3,20.2,37.9,1.4,18.2,26.7,Low,5.8
39,47000,19000,10,medium,retirement,45.3,25.0,17.7,5.0,7.0,60.2,Medium,6.5
39,58000,8500,10,high,retirement,55.3,22.0,7.8,10.0,4.9,88.9,High,11.8
26,42000,11000,25,high,retirement,58.7,21.8,4.6,9.9,5.0,98.1,High,9.1
54,72000,51500,7,medium,passive_income,41.5,25.4,21.7,4.2,7.2,59.4,Medium,9.7
42,49000,13500,7,medium,house,44.5,25.1,18.5,4.9,7.0,58.7,Medium,8.6
37,42000,7500,7,medium,retirement,45.8,25.0,17.2,5.0,7.0,63.8,Medium,7.5
36,57000,34000,20,medium,retirement,46.1,24.9,17.0,5.0,7.0,57.9,Medium,9.6
38,64000,35500,20,high,children_education,55.5,22.0,7.5,10.0,5.0,85.7,High,10.7
55,64000,24500,2,high,retirement,41.2,22.4,20.0,6.2,10.2,93.4,High,13.0
31,47000,12500,25,medium,education,47.4,24.9,15.8,5.0,6.9,57.2,Medium,8.8
62,82000,82000,5,high,retirement,49.7,22.6,13.6,8.9,5.2,74.0,High,9.8
45,62000,19000,10,medium,retirement,43.8,25.2,19.3,4.7,7.0,67.6,High,8.8
48,57000,21500,7,low,wealth_building,22.8,20.2,37.3,1.5,18.2,19.9,Low,5.1
49,50000,10500,10,medium,retirement,42.8,25.3,20.4,4.5,7.0,55.4,Medium,7.6
52,60000,55000,7,low,retirement,21.7,20.3,38.4,1.3,18.3,27.3,Low,6.1
63,67000,49500,5,medium,retirement,39.2,25.7,24.2,3.7,7.2,51.1,Medium,7.6
51,61000,44500,7,high,travel,52.4,22.3,10.8,9.5,5.0,91.0,High,10.9
54,68000,57500,5,medium,wealth_preservation,41.5,25.4,21.7,4.2,7.2,55.7,Medium,7.1
24,31000,13000,25,medium,wealth_building,49.3,24.8,14.0,5.0,6.9,67.5,High,8.4
30,40000,16000,25,high,wealth_building,57.7,21.9,5.6,9.9,4.9,91.2,High,13.3
27,40000,16000,25,high,wealth_building,58.4,21.8,4.8,9.9,5.1,93.2,High,9.7
37,49000,25000,7,medium,wealth_building,45.8,25.0,17.2,5.0,7.0,63.7,Medium,7.5
50,55000,9500,5,high,retirement,52.6,22.3,10.5,9.5,5.1,88.6,High,11.1
35,24000,15000,10,low,retirement,26.4,19.9,33.7,2.0,18.0,32.6,Low,6.9
32,44000,18500,25,medium,wealth_building,47.2,24.9,16.0,5.0,6.9,51.6,Medium,7.2
52,55000,31500,3,low,retirement,11.6,20.3,46.6,-1.7,23.2,20.0,Low,5.0
43,55000,44000,10,medium,retirement,44.3,25.1,18.8,4.8,7.0,61.7,Medium,8.0
31,45000,8500,15,medium,wealth_building,47.4,24.9,15.8,5.0,6.9,56.7,Medium,9.8
37,48000,16000,10,low,children_education,25.9,20.0,34.2,2.0,17.9,24.3,Low,4.3
23,30000,11500,20,medium,wealth_building,49.6,24.7,13.8,4.9,7.0,58.5,Medium,8.3
54,63000,67500,5,high,wealth_preservation,51.7,22.4,11.6,9.3,5.0,94.8,High,10.5
41,55000,20500,5,medium,retirement,44.8,25.0,18.3,4.9,7.0,59.8,Medium,9.4
34,36000,9000,15,medium,house,46.6,24.9,16.5,5.0,7.0,50.3,Medium,7.5
37,55000,37500,10,medium,retirement,45.8,25.0,17.2,5.0,7.0,61.8,Medium,9.8
25,25000,5500,20,low,retirement,29.2,19.8,31.1,2.0,17.9,21.5,Low,5.9
28,41000,14000,15,high,retirement,58.2,21.8,5.1,9.9,5.0,87.4,High,14.2
29,51000,28000,35,medium,wealth_building,48.0,24.8,15.3,5.0,6.9,59.7,Medium,7.2
33,36000,11500,25,medium,wealth_building,46.9,24.9,16.3,5.0,6.9,47.8,Medium,7.1
34,56000,30000,30,medium,house,46.6,24.9,16.5,5.0,7.0,53.5,Medium,6.8
36,43000,12000,20,high,retirement,56.1,21.9,7.0,10.0,5.0,82.7,High,9.3
30,44000,7500,30,medium,education,47.7,24.9,15.5,5.0,6.9,53.7,Medium,7.8
50,73000,24000,2,high,travel,42.5,22.3,18.6,6.5,10.1,87.1,High,14.3
43,45000,27000,10,medium,house,44.3,25.1,18.8,4.8,7.0,57.1,Medium,9.4
36,45000,12000,7,low,house,26.1,20.0,34.0,2.0,17.9,27.3,Low,6.1
35,42000,16500,15,medium,retirement,46.4,24.9,16.7,5.0,7.0,55.5,Medium,9.6
35,37000,5500,10,medium,retirement,46.4,24.9,16.7,5.0,7.0,67.9,High,6.8
29,34000,18500,10,medium,retirement,48.0,24.8,15.3,5.0,6.9,68.3,High,7.6
61,78000,59000,7,low,retirement,19.2,20.5,41.1,0.8,18.4,8.6,Low,4.6
29,36000,10000,30,medium,education,48.0,24.8,15.3,5.0,6.9,61.8,Medium,9.1
43,53000,16000,15,high,retirement,54.3,22.1,8.8,9.9,4.9,75.0,High,11.1
65,73000,43500,10,low,wealth_preservation,18.0,20.6,42.3,0.5,18.6,0.0,Low,6.4
35,55000,18000,15,high,house,56.3,21.9,6.8,10.0,5.0,82.3,High,13.4
52,60000,13000,5,low,retirement,21.7,20.3,38.4,1.3,18.3,28.8,Low,6.2
35,37000,20500,10,medium,retirement,46.4,24.9,16.7,5.0,7.0,65.3,Medium,9.1
39,43000,30500,10,low,retirement,25.3,20.0,34.7,2.0,18.0,17.8,Low,5.3
28,43000,21000,25,medium,wealth_building,48.3,24.8,15.0,5.0,6.9,54.9,Medium,8.6
48,46000,31000,5,high,retirement,53.1,22.2,10.0,9.6,5.1,93.8,High,11.0
52,50000,29000,7,medium,wealth_preservation,42.0,25.4,21.2,4.3,7.1,65.2,Medium,6.8
50,61000,32000,3,low,retirement,12.1,20.2,46.0,-1.6,23.3,14.6,Low,5.9
30,45000,24000,30,medium,education,47.7,24.9,15.5,5.0,6.9,46.7,Medium,9.0
61,60000,15500,5,medium,retirement,39.7,25.6,23.6,3.8,7.3,47.5,Medium,8.4
42,45000,18500,10,high,children_education,54.5,22.1,8.5,9.9,5.0,93.2,High,14.5
49,52000,37000,10,low,house,22.5,20.2,37.6,1.5,18.2,26.8,Low,5.6
34,33000,19000,20,medium,house,46.6,24.9,16.5,5.0,7.0,53.8,Medium,8.8
38,53000,18500,20,high,house,55.5,22.0,7.5,10.0,5.0,75.8,High,11.0
48,61000,26000,20,medium,house,43.0,25.2,20.1,4.6,7.1,48.2,Medium,9.1
39,70000,20000,10,medium,retirement,45.3,25.0,17.7,5.0,7.0,64.1,Medium,6.9
53,58000,36000,7,medium,passive_income,41.8,25.4,21.5,4.3,7.0,56.6,Medium,6.9
23,41000,7500,25,high,house,59.5,21.8,3.9,9.9,4.9,89.3,High,12.5
42,44000,9500,10,medium,children_education,44.5,25.1,18.5,4.9,7.0,57.4,Medium,9.9
66,81000,80500,3,low,retirement,7.4,20.6,50.8,-2.6,23.8,2.3,Low,5.4
49,55000,50500,5,medium,wealth_building,42.8,25.3,20.4,4.5,7.0,55.4,Medium,8.6
41,47000,34000,10,medium,retirement,44.8,25.0,18.3,4.9,7.0,57.1,Medium,6.6
65,88000,26500,5,high,passive_income,49.0,22.7,14.4,8.8,5.1,69.6,High,9.8
42,50000,38000,10,high,house,54.5,22.1,8.5,9.9,5.0,97.5,High,9.8
34,51000,14500,20,low,house,26.7,19.9,33.4,2.0,18.0,23.6,Low,4.7
43,54000,26000,7,high,retirement,54.3,22.1,8.8,9.9,4.9,90.7,High,9.8
30,36000,14000,10,medium,house,47.7,24.9,15.5,5.0,6.9,70.1,High,9.4
56,68000,70500,3,high,retirement,41.0,22.4,20.2,6.2,10.2,63.0,Medium,14.6
49,64000,29500,20,medium,retirement,42.8,25.3,20.4,4.5,7.0,51.7,Medium,9.0
49,68000,14500,10,medium,retirement,42.8,25.3,20.4,4.5,7.0,63.3,Medium,9.9
44,66000,30500,15,medium,wealth_building,44.0,25.1,19.1,4.8,7.0,49.4,Medium,7.3
34,40000,18500,25,low,retirement,26.7,19.9,33.4,2.0,18.0,24.7,Low,4.2
33,33000,10000,25,medium,house,46.9,24.9,16.3,5.0,6.9,53.3,Medium,9.6
29,52000,15500,30,high,house,57.9,21.9,5.3,9.9,5.0,93.1,High,9.0
46,57000,25000,20,medium,house,43.5,25.2,19.6,4.7,7.0,51.3,Medium,9.7
47,71000,59000,10,medium,retirement,43.3,25.2,19.8,4.6,7.1,62.0,Medium,9.9
46,53000,30500,10,high,retirement,53.6,22.2,9.5,9.7,5.0,90.7,High,14.0
41,38000,17500,15,medium,retirement,44.8,25.0,18.3,4.9,7.0,52.5,Medium,7.0
33,42000,10000,20,medium,education,46.9,24.9,16.3,5.0,6.9,59.7,Medium,7.7
68,71000,88000,5,low,travel,17.2,20.7,43.2,0.3,18.6,9.4,Low,4.2
27,28000,5000,10,medium,wealth_building,48.5,24.8,14.8,5.0,6.9,73.7,High,7.0
39,40000,6000,15,medium,children_education,45.3,25.0,17.7,5.0,7.0,60.3,Medium,9.6
37,34000,12500,15,high,retirement,55.8,22.0,7.3,10.0,4.9,93.4,High,12.7
61,73000,48500,3,high,retirement,39.7,22.6,21.6,5.9,10.2,67.3,High,12.5
33,38000,25000,15,low,retirement,27.0,19.9,33.2,2.0,17.9,13.0,Low,4.5
38,36000,12000,5,low,wealth_building,25.6,20.0,34.5,2.0,17.9,28.6,Low,6.8
34,51000,6000,30,high,retirement,56.6,21.9,6.5,10.0,5.0,84.0,High,10.0
65,75000,37000,5,low,passive_income,18.0,20.6,42.3,0.5,18.6,10.6,Low,7.0
33,59000,19500,20,high,wealth_building,56.9,21.9,6.3,10.0,4.9,92.7,High,12.0
43,57000,36500,10,high,house,54.3,22.1,8.8,9.9,4.9,85.6,High,11.2
50,60000,27500,5,low,retirement,22.3,20.2,37.9,1.4,18.2,20.5,Low,6.4
42,63000,19500,7,medium,retirement,44.5,25.1,18.5,4.9,7.0,59.7,Medium,6.5
44,33000,28000,10,high,retirement,54.1,22.1,9.0,9.8,5.0,93.7,High,12.4
55,79000,41500,2,medium,retirement,31.1,25.5,30.1,1.1,12.2,64.0,Medium,9.5
32,36000,21000,35,medium,house,47.2,24.9,16.0,5.0,6.9,48.9,Medium,8.3
45,65000,12500,5,medium,retirement,43.8,25.2,19.3,4.7,7.0,57.5,Medium,7.6
39,42000,14000,20,medium,retirement,45.3,25.0,17.7,5.0,7.0,50.3,Medium,8.5
68,87000,90500,5,medium,passive_income,37.9,25.9,25.6,3.4,7.2,40.3,Medium,6.7
43,49000,36500,5,high,house,54.3,22.1,8.8,9.9,4.9,94.4,High,10.3
28,33000,12500,25,medium,retirement,48.3,24.8,15.0,5.0,6.9,55.1,Medium,7.3
31,54000,11500,25,medium,education,47.4,24.9,15.8,5.0,6.9,51.1,Medium,9.8
51,53000,32000,7,high,wealth_preservation,52.4,22.3,10.8,9.5,5.0,86.1,High,11.2
45,54000,36500,5,medium,retirement,43.8,25.2,19.3,4.7,7.0,60.4,Medium,8.9
50,71000,29000,5,low,passive_income,22.3,20.2,37.9,1.4,18.2,22.6,Low,7.0
31,49000,28000,20,low,house,27.6,19.9,32.7,2.0,17.8,26.1,Low,4.8
39,57000,40500,10,low,house,25.3,20.0,34.7,2.0,18.0,20.9,Low,4.2
31,25000,5000,25,medium,retirement,47.4,24.9,15.8,5.0,6.9,53.7,Medium,8.1
28,32000,14500,30,low,retirement,28.4,19.9,31.9,2.0,17.8,26.5,Low,5.9
53,78000,45500,5,medium,passive_income,41.8,25.4,21.5,4.3,7.0,62.9,Medium,6.8
38,52000,11000,15,low,retirement,25.6,20.0,34.5,2.0,17.9,11.1,Low,4.3
28,38000,12000,15,low,wealth_building,28.4,19.9,31.9,2.0,17.8,29.4,Low,6.5
44,53000,22500,20,low,children_education,23.9,20.1,36.1,1.8,18.1,14.3,Low,6.1
27,29000,11000,20,high,retirement,58.4,21.8,4.8,9.9,5.1,93.2,High,10.7
61,79000,94500,10,medium,wealth_preservation,39.7,25.6,23.6,3.8,7.3,48.8,Medium,8.8
44,59000,51000,20,medium,retirement,44.0,25.1,19.1,4.8,7.0,47.9,Medium,7.8
53,61000,13500,5,medium,travel,41.8,25.4,21.5,4.3,7.0,66.4,High,8.7
34,38000,25000,25,medium,house,46.6,24.9,16.5,5.0,7.0,53.7,Medium,8.9
45,50000,19500,7,low,retirement,23.6,20.1,36.4,1.7,18.2,30.1,Low,5.8
55,65000,39500,2,low,wealth_preservation,10.7,20.4,47.5,-1.9,23.3,30.6,Low,4.7
37,50000,12000,7,high,children_education,55.8,22.0,7.3,10.0,4.9,86.5,High,13.6
24,31000,6500,25,medium,wealth_building,49.3,24.8,14.0,5.0,6.9,65.0,Medium,8.5
30,36000,4500,25,high,retirement,57.7,21.9,5.6,9.9,4.9,82.0,High,9.3
42,50000,19000,10,medium,retirement,44.5,25.1,18.5,4.9,7.0,65.9,Medium,9.1
44,69000,44500,7,medium,retirement,44.0,25.1,19.1,4.8,7.0,63.4,Medium,7.0
45,48000,11000,15,low,house,23.6,20.1,36.4,1.7,18.2,18.3,Low,6.3
46,64000,24000,10,medium,wealth_building,43.5,25.2,19.6,4.7,7.0,62.7,Medium,6.6
42,58000,15500,7,medium,wealth_building,44.5,25.1,18.5,4.9,7.0,58.6,Medium,7.2
28,37000,19000,15,low,retirement,28.4,19.9,31.9,2.0,17.8,31.7,Low,4.5
45,69000,26500,10,medium,wealth_building,43.8,25.2,19.3,4.7,7.0,63.2,Medium,7.5
33,50000,12500,35,medium,wealth_building,46.9,24.9,16.3,5.0,6.9,45.8,Medium,6.9
44,56000,47000,15,medium,retirement,44.0,25.1,19.1,4.8,7.0,53.3,Medium,7.6
26,46000,7000,15,low,retirement,29.0,19.8,31.4,2.0,17.8,24.2,Low,4.3
29,49000,17500,30,low,house,28.1,19.9,32.1,2.0,17.9,20.0,Low,4.8
24,40000,12500,30,medium,retirement,49.3,24.8,14.0,5.0,6.9,59.9,Medium,8.9
45,49000,36500,7,low,wealth_building,23.6,20.1,36.4,1.7,18.2,29.6,Low,5.1
44,43000,16000,15,high,wealth_building,54.1,22.1,9.0,9.8,5.0,73.6,High,10.0
55,59000,14500,3,high,passive_income,41.2,22.4,20.0,6.2,10.2,80.0,High,13.3
32,54000,10000,30,medium,wealth_building,47.2,24.9,16.0,5.0,6.9,48.2,Medium,7.9
43,53000,38500,20,medium,retirement,44.3,25.1,18.8,4.8,7.0,53.3,Medium,8.8
65,78000,84000,2,high,travel,38.7,22.7,22.7,5.7,10.2,82.5,High,10.0
33,41000,23000,25,medium,house,46.9,24.9,16.3,5.0,6.9,51.7,Medium,9.9
44,47000,41000,15,medium,retirement,44.0,25.1,19.1,4.8,7.0,50.2,Medium,6.7
28,43000,14000,30,medium,wealth_building,48.3,24.8,15.0,5.0,6.9,60.2,Medium,9.1
29,49000,6500,25,medium,education,48.0,24.8,15.3,5.0,6.9,53.9,Medium,8.2
52,73000,50500,7,medium,passive_income,42.0,25.4,21.2,4.3,7.1,57.9,Medium,8.7
37,42000,24000,10,medium,retirement,45.8,25.0,17.2,5.0,7.0,60.3,Medium,9.9
54,63000,54500,2,medium,retirement,31.3,25.4,29.9,1.2,12.2,65.9,Medium,8.6
38,47000,18500,15,medium,children_education,45.5,25.0,17.5,5.0,7.0,52.8,Medium,7.3
52,52000,19500,5,high,retirement,52.2,22.3,11.0,9.4,5.1,91.0,High,10.5
55,62000,39000,3,low,retirement,10.7,20.4,47.5,-1.9,23.3,19.5,Low,7.0
39,73000,53000,15,medium,children_education,45.3,25.0,17.7,5.0,7.0,50.2,Medium,8.6
39,49000,14000,20,medium,wealth_building,45.3,25.0,17.7,5.0,7.0,47.1,Medium,8.4
44,48000,20500,5,low,retirement,23.9,20.1,36.1,1.8,18.1,27.3,Low,6.3
31,38000,22000,30,medium,house,47.4,24.9,15.8,5.0,6.9,49.4,Medium,6.8
68,72000,64000,2,high,retirement,37.9,22.8,23.5,5.5,10.3,82.0,High,12.9
32,49000,23000,30,high,retirement,57.1,21.9,6.1,10.0,4.9,86.6,High,11.0
32,49000,11000,20,medium,house,47.2,24.9,16.0,5.0,6.9,58.4,Medium,7.3
23,21000,1500,30,high,retirement,59.5,21.8,3.9,9.9,4.9,85.2,High,10.0
51,58000,40500,3,medium,wealth_preservation,32.1,25.3,29.0,1.4,12.2,48.2,Medium,9.3
36,46000,27000,10,high,wealth_building,56.1,21.9,7.0,10.0,5.0,95.4,High,9.5
62,78000,32500,7,high,retirement,49.7,22.6,13.6,8.9,5.2,79.0,High,14.7
24,33000,10000,30,high,education,59.2,21.8,4.1,9.9,5.0,85.3,High,9.3
28,38000,20000,30,high,retirement,58.2,21.8,5.1,9.9,5.0,88.2,High,12.3
38,43000,24000,10,low,house,25.6,20.0,34.5,2.0,17.9,28.3,Low,4.4
44,57000,34000,7,high,house,54.1,22.1,9.0,9.8,5.0,90.9,High,9.4
44,63000,47000,20,medium,house,44.0,25.1,19.1,4.8,7.0,48.9,Medium,9.1
28,53000,7000,25,high,wealth_building,58.2,21.8,5.1,9.9,5.0,97.4,High,9.6
26,39000,5500,30,medium,house,48.8,24.8,14.5,5.0,6.9,58.5,Medium,7.7
51,67000,25000,5,high,retirement,52.4,22.3,10.8,9.5,5.0,84.6,High,14.2
42,52000,13000,15,low,retirement,24.5,20.0,35.6,1.9,18.0,13.2,Low,5.5
52,63000,63000,5,medium,wealth_preservation,42.0,25.4,21.2,4.3,7.1,62.1,Medium,8.2
39,60000,40000,10,medium,house,45.3,25.0,17.7,5.0,7.0,62.5,Medium,8.5
31,40000,11000,15,medium,education,47.4,24.9,15.8,5.0,6.9,59.8,Medium,7.6
29,23000,2500,20,medium,house,48.0,24.8,15.3,5.0,6.9,57.9,Medium,7.7
38,48000,14000,7,medium,children_education,45.5,25.0,17.5,5.0,7.0,64.3,Medium,7.2
47,60000,46000,10,low,retirement,23.1,20.2,37.0,1.6,18.1,24.6,Low,6.2
24,30000,13000,25,low,house,29.5,19.8,30.9,2.0,17.8,27.6,Low,6.7
28,37000,5000,20,high,education,58.2,21.8,5.1,9.9,5.0,84.0,High,11.3
60,59000,53000,5,high,retirement,50.2,22.5,13.1,9.0,5.2,78.6,High,13.0
24,33000,6500,20,medium,house,49.3,24.8,14.0,5.0,6.9,66.3,High,9.1
41,51000,39500,10,high,house,54.8,22.0,8.2,10.0,5.0,88.6,High,11.2
27,38000,6500,25,medium,house,48.5,24.8,14.8,5.0,6.9,61.3,Medium,9.8
42,49000,9000,7,medium,children_education,44.5,25.1,18.5,4.9,7.0,62.1,Medium,9.0
28,35000,8000,20,medium,retirement,48.3,24.8,15.0,5.0,6.9,60.7,Medium,8.2
37,44000,28000,10,medium,house,45.8,25.0,17.2,5.0,7.0,63.6,Medium,7.1
30,47000,9500,15,high,retirement,57.7,21.9,5.6,9.9,4.9,77.2,High,13.8
51,56000,16500,5,low,wealth_preservation,22.0,20.3,38.1,1.4,18.2,23.2,Low,6.8
46,55000,44000,7,medium,children_education,43.5,25.2,19.6,4.7,7.0,58.4,Medium,7.9
60,67000,77000,3,medium,retirement,29.7,25.6,31.6,0.8,12.3,36.0,Medium,6.7
39,48000,17000,15,high,retirement,55.3,22.0,7.8,10.0,4.9,78.6,High,11.2
36,50000,27000,7,medium,retirement,46.1,24.9,17.0,5.0,7.0,61.4,Medium,8.7
28,48000,25000,25,medium,house,48.3,24.8,15.0,5.0,6.9,52.2,Medium,9.5
44,64000,51500,20,medium,house,44.0,25.1,19.1,4.8,7.0,52.8,Medium,9.1
49,53000,43000,15,medium,house,42.8,25.3,20.4,4.5,7.0,51.5,Medium,7.1
34,44000,18500,30,low,wealth_building,26.7,19.9,33.4,2.0,18.0,18.1,Low,4.6
28,36000,19500,30,medium,education,48.3,24.8,15.0,5.0,6.9,60.4,Medium,6.8
33,32000,20000,15,medium,house,46.9,24.9,16.3,5.0,6.9,58.8,Medium,8.8
32,50000,10500,30,low,wealth_building,27.3,19.9,32.9,2.0,17.9,17.8,Low,6.1
30,48000,15000,35,high,retirement,57.7,21.9,5.6,9.9,4.9,84.7,High,11.3
64,82000,94500,3,medium,passive_income,28.6,25.7,32.7,0.6,12.4,32.4,Low,7.6
50,58000,47500,3,medium,retirement,32.4,25.3,28.7,1.4,12.2,36.6,Medium,7.8
40,48000,23000,15,medium,retirement,45.0,25.0,18.0,5.0,7.0,57.0,Medium,9.8
47,75000,13500,10,medium,house,43.3,25.2,19.8,4.6,7.1,64.4,Medium,7.8
26,28000,3000,10,low,house,29.0,19.8,31.4,2.0,17.8,26.0,Low,5.5
32,36000,7500,25,medium,retirement,47.2,24.9,16.0,5.0,6.9,56.0,Medium,8.8
44,54000,11000,7,high,house,54.1,22.1,9.0,9.8,5.0,96.2,High,13.3
22,26000,7500,35,medium,house,49.9,24.7,13.5,4.9,7.0,60.6,Medium,8.1
63,72000,50500,3,medium,retirement,28.9,25.7,32.4,0.6,12.4,34.9,Medium,8.5
35,46000,27500,15,medium,wealth_building,46.4,24.9,16.7,5.0,7.0,48.3,Medium,9.7
30,41000,15000,10,medium,house,47.7,24.9,15.5,5.0,6.9,67.8,High,8.7
41,46000,24000,5,medium,children_education,44.8,25.0,18.3,4.9,7.0,65.9,Medium,8.9
68,81000,48500,5,high,passive_income,48.2,22.8,15.2,8.6,5.2,68.0,High,14.3
30,37000,9500,25,high,retirement,57.7,21.9,5.6,9.9,4.9,86.9,High,11.1
54,55000,31000,3,high,wealth_preservation,41.5,22.4,19.7,6.3,10.1,75.2,High,12.0
68,76000,40000,5,medium,travel,37.9,25.9,25.6,3.4,7.2,44.6,Medium,9.2
32,55000,33500,35,high,wealth_building,57.1,21.9,6.1,10.0,4.9,86.3,High,12.4
41,39000,6000,15,medium,house,44.8,25.0,18.3,4.9,7.0,53.0,Medium,8.4
66,73000,60500,7,high,retirement,48.7,22.7,14.7,8.7,5.2,75.6,High,10.9
59,74000,44000,2,medium,retirement,30.0,25.6,31.3,0.9,12.2,45.6,Medium,8.9
63,81000,21500,5,medium,travel,39.2,25.7,24.2,3.7,7.2,43.8,Medium,9.2
45,61000,53500,15,high,house,53.8,22.1,9.3,9.8,5.0,85.4,High,9.7
40,54000,24500,10,medium,retirement,45.0,25.0,18.0,5.0,7.0,58.4,Medium,8.2
64,67000,65500,5,medium,retirement,38.9,25.7,24.5,3.7,7.2,38.4,Medium,7.3
66,76000,19000,3,low,retirement,7.4,20.6,50.8,-2.6,23.8,0.0,Low,4.2
39,55000,40000,15,low,retirement,25.3,20.0,34.7,2.0,18.0,20.8,Low,6.3
54,65000,25500,7,low,travel,21.2,20.3,39.0,1.2,18.3,29.6,Low,4.5
31,46000,9000,15,high,retirement,57.4,21.9,5.8,9.9,5.0,81.3,High,14.0
35,47000,30000,20,medium,retirement,46.4,24.9,16.7,5.0,7.0,58.1,Medium,7.4
45,57000,34500,7,high,wealth_building,53.8,22.1,9.3,9.8,5.0,95.1,High,10.6
39,51000,23500,7,medium,retirement,45.3,25.0,17.7,5.0,7.0,59.3,Medium,8.3
42,47000,8500,15,high,retirement,54.5,22.1,8.5,9.9,5.0,87.4,High,10.9
30,30000,8500,30,low,house,27.8,19.9,32.4,2.0,17.9,20.8,Low,5.3
42,58000,19000,10,low,wealth_building,24.5,20.0,35.6,1.9,18.0,28.3,Low,6.8
48,63000,31000,10,medium,retirement,43.0,25.2,20.1,4.6,7.1,57.9,Medium,9.3
38,42000,28000,15,medium,retirement,45.5,25.0,17.5,5.0,7.0,46.7,Medium,7.4
60,79000,63000,3,high,retirement,40.0,22.5,21.3,5.9,10.3,75.0,High,9.7
28,43000,10000,35,medium,retirement,48.3,24.8,15.0,5.0,6.9,59.9,Medium,6.6
27,29000,7500,25,low,retirement,28.7,19.8,31.6,2.0,17.9,28.0,Low,5.2
39,61000,14500,15,low,house,25.3,20.0,34.7,2.0,18.0,18.8,Low,6.1
37,51000,23000,10,medium,wealth_building,45.8,25.0,17.2,5.0,7.0,59.5,Medium,8.6
26,47000,20000,25,high,retirement,58.7,21.8,4.6,9.9,5.0,88.4,High,11.5
58,72000,73500,2,high,retirement,40.5,22.5,20.8,6.1,10.1,83.6,High,10.1
31,29000,8000,15,medium,house,47.4,24.9,15.8,5.0,6.9,52.0,Medium,8.0
35,49000,27500,10,low,retirement,26.4,19.9,33.7,2.0,18.0,30.0,Low,4.4
35,41000,6500,7,high,house,56.3,21.9,6.8,10.0,5.0,96.1,High,10.5
41,70000,20500,15,medium,children_education,44.8,25.0,18.3,4.9,7.0,53.6,Medium,6.6
36,52000,8500,15,medium,children_education,46.1,24.9,17.0,5.0,7.0,44.8,Medium,9.3
42,61000,23500,15,medium,house,44.5,25.1,18.5,4.9,7.0,56.8,Medium,9.1
36,44000,27000,20,medium,children_education,46.1,24.9,17.0,5.0,7.0,45.7,Medium,9.7
27,42000,19500,35,high,retirement,58.4,21.8,4.8,9.9,5.1,85.5,High,11.6
31,49000,7000,30,medium,house,47.4,24.9,15.8,5.0,6.9,51.0,Medium,6.8
34,43000,10500,35,medium,retirement,46.6,24.9,16.5,5.0,7.0,59.0,Medium,8.5
63,77000,86000,5,high,passive_income,49.5,22.6,13.9,8.9,5.1,72.8,High,9.4
69,70000,61000,3,medium,retirement,27.2,25.9,34.1,0.3,12.5,29.7,Low,8.1
53,56000,18000,3,medium,wealth_preservation,31.6,25.4,29.6,1.2,12.2,43.1,Medium,9.7
67,83000,49000,2,high,passive_income,38.1,22.7,23.2,5.6,10.4,77.2,High,10.0
37,56000,22500,20,medium,retirement,45.8,25.0,17.2,5.0,7.0,49.4,Medium,8.2
40,61000,43500,20,high,wealth_building,55.0,22.0,8.0,10.0,5.0,78.6,High,12.3
53,58000,26500,5,medium,travel,41.8,25.4,21.5,4.3,7.0,52.6,Medium,7.6
27,30000,4000,20,medium,house,48.5,24.8,14.8,5.0,6.9,59.9,Medium,9.3
48,46000,19000,15,medium,retirement,43.0,25.2,20.1,4.6,7.1,47.1,Medium,9.3
39,48000,35500,15,low,house,25.3,20.0,34.7,2.0,18.0,16.1,Low,5.6
67,76000,35000,5,medium,travel,38.1,25.8,25.3,3.5,7.3,47.3,Medium,6.8
40,48000,26000,7,high,wealth_building,55.0,22.0,8.0,10.0,5.0,88.2,High,10.0
28,34000,10500,25,medium,retirement,48.3,24.8,15.0,5.0,6.9,54.4,Medium,9.8
59,79000,37000,10,low,retirement,19.8,20.5,40.5,0.9,18.3,6.5,Low,6.7
65,78000,42500,3,medium,passive_income,28.4,25.8,33.0,0.5,12.3,30.4,Low,9.9
40,53000,19000,15,medium,retirement,45.0,25.0,18.0,5.0,7.0,49.5,Medium,7.2
50,71000,24000,3,medium,travel,32.4,25.3,28.7,1.4,12.2,44.8,Medium,9.8
30,32000,11500,25,high,education,57.7,21.9,5.6,9.9,4.9,82.4,High,11.3
39,39000,10000,5,low,retirement,25.3,20.0,34.7,2.0,18.0,26.4,Low,4.2
31,44000,15500,25,high,retirement,57.4,21.9,5.8,9.9,5.0,85.2,High,10.3
33,40000,24500,30,medium,education,46.9,24.9,16.3,5.0,6.9,49.2,Medium,6.7
30,56000,6500,25,low,wealth_building,27.8,19.9,32.4,2.0,17.9,24.4,Low,5.9
34,43000,8000,35,medium,house,46.6,24.9,16.5,5.0,7.0,50.0,Medium,9.2
40,59000,42000,15,medium,house,45.0,25.0,18.0,5.0,7.0,50.1,Medium,9.2
28,41000,4000,30,medium,house,48.3,24.8,15.0,5.0,6.9,58.4,Medium,6.5
52,67000,51000,5,high,retirement,52.2,22.3,11.0,9.4,5.1,80.8,High,11.4
64,66000,23000,7,medium,passive_income,38.9,25.7,24.5,3.7,7.2,49.8,Medium,8.1
30,35000,10500,25,medium,wealth_building,47.7,24.9,15.5,5.0,6.9,54.8,Medium,9.4
50,69000,59500,7,medium,retirement,42.5,25.3,20.6,4.5,7.1,60.1,Medium,8.1
29,32000,4500,35,low,wealth_building,28.1,19.9,32.1,2.0,17.9,21.9,Low,6.7
35,42000,9500,15,low,retirement,26.4,19.9,33.7,2.0,18.0,19.3,Low,5.1
41,47000,32500,7,medium,house,44.8,25.0,18.3,4.9,7.0,58.9,Medium,9.5
31,39000,19000,25,high,education,57.4,21.9,5.8,9.9,5.0,81.2,High,13.8
43,51000,43500,10,medium,children_education,44.3,25.1,18.8,4.8,7.0,61.5,Medium,7.5
42,43000,31000,7,medium,house,44.5,25.1,18.5,4.9,7.0,70.4,High,8.8
50,77000,22500,10,medium,passive_income,42.5,25.3,20.6,4.5,7.1,55.1,Medium,6.6
30,48000,17500,35,high,house,57.7,21.9,5.6,9.9,4.9,83.8,High,9.7
51,65000,61500,10,medium,passive_income,42.3,25.3,20.9,4.4,7.1,58.5,Medium,9.2
28,34000,11000,20,medium,house,48.3,24.8,15.0,5.0,6.9,60.0,Medium,8.0
43,55000,15000,10,low,house,24.2,20.1,35.8,1.8,18.1,23.8,Low,6.2
34,41000,16000,30,medium,wealth_building,46.6,24.9,16.5,5.0,7.0,59.5,Medium,8.7
34,46000,8500,25,low,wealth_building,26.7,19.9,33.4,2.0,18.0,21.1,Low,4.1
31,29000,4000,10,medium,wealth_building,47.4,24.9,15.8,5.0,6.9,66.8,High,8.0
47,59000,18000,10,high,children_education,53.3,22.2,9.8,9.7,5.0,93.7,High,9.4
46,66000,16500,10,high,retirement,53.6,22.2,9.5,9.7,5.0,91.4,High,11.9
25,26000,12500,20,medium,wealth_building,49.1,24.8,14.3,5.0,6.8,55.4,Medium,7.1
39,55000,29500,15,medium,wealth_building,45.3,25.0,17.7,5.0,7.0,54.2,Medium,7.0
50,65000,50000,7,medium,retirement,42.5,25.3,20.6,4.5,7.1,59.4,Medium,8.7
50,61000,52000,5,medium,retirement,42.5,25.3,20.6,4.5,7.1,62.0,Medium,8.5
48,75000,54000,15,medium,wealth_building,43.0,25.2,20.1,4.6,7.1,45.5,Medium,8.1
32,41000,24000,25,low,retirement,27.3,19.9,32.9,2.0,17.9,13.0,Low,5.4
69,77000,62000,3,medium,wealth_preservation,27.2,25.9,34.1,0.3,12.5,35.1,Medium,9.2
31,42000,12500,25,low,house,27.6,19.9,32.7,2.0,17.8,22.6,Low,5.5
40,55000,27000,7,low,wealth_building,25.0,20.0,35.0,2.0,18.0,26.0,Low,6.8
35,46000,8500,20,medium,retirement,46.4,24.9,16.7,5.0,7.0,48.9,Medium,7.9
36,45000,10000,7,medium,retirement,46.1,24.9,17.0,5.0,7.0,68.8,High,8.6
42,56000,43500,20,medium,retirement,44.5,25.1,18.5,4.9,7.0,52.5,Medium,7.6
57,67000,41000,2,medium,retirement,30.5,25.5,30.7,1.0,12.3,50.8,Medium,8.2
43,58000,26500,15,high,retirement,54.3,22.1,8.8,9.9,4.9,85.0,High,12.2
33,44000,25500,20,high,wealth_building,56.9,21.9,6.3,10.0,4.9,82.2,High,14.5
32,40000,16000,15,medium,wealth_building,47.2,24.9,16.0,5.0,6.9,56.4,Medium,8.1
32,47000,5000,30,medium,retirement,47.2,24.9,16.0,5.0,6.9,49.7,Medium,7.9
39,39000,29500,10,medium,retirement,45.3,25.0,17.7,5.0,7.0,58.2,Medium,9.6
33,45000,20000,25,medium,retirement,46.9,24.9,16.3,5.0,6.9,52.3,Medium,8.7
30,64000,15500,35,medium,wealth_building,47.7,24.9,15.5,5.0,6.9,55.4,Medium,6.8
27,26000,14000,20,medium,house,48.5,24.8,14.8,5.0,6.9,59.6,Medium,8.7
28,24000,12000,10,high,wealth_building,58.2,21.8,5.1,9.9,5.0,97.2,High,10.8
51,47000,22500,2,high,retirement,42.3,22.3,18.9,6.4,10.1,93.7,High,12.9
38,37000,21000,5,low,retirement,25.6,20.0,34.5,2.0,17.9,39.6,Medium,6.2
30,28000,15000,35,medium,house,47.7,24.9,15.5,5.0,6.9,55.7,Medium,7.3
24,39000,11500,35,high,wealth_building,59.2,21.8,4.1,9.9,5.0,84.9,High,11.9
40,49000,22000,15,high,retirement,55.0,22.0,8.0,10.0,5.0,75.5,High,9.3
39,40000,25000,20,high,retirement,55.3,22.0,7.8,10.0,4.9,83.2,High,14.3
46,74000,59500,10,medium,house,43.5,25.2,19.6,4.7,7.0,52.2,Medium,8.5
30,42000,17500,15,low,retirement,27.8,19.9,32.4,2.0,17.9,22.5,Low,4.2
40,64000,12500,10,medium,wealth_building,45.0,25.0,18.0,5.0,7.0,55.6,Medium,8.5
45,52000,46000,7,medium,house,43.8,25.2,19.3,4.7,7.0,60.0,Medium,6.6
52,49000,11000,3,high,passive_income,42.0,22.3,19.2,6.4,10.1,78.7,High,10.5
25,39000,10000,25,medium,wealth_building,49.1,24.8,14.3,5.0,6.8,67.2,High,9.9
29,27000,8500,20,high,house,57.9,21.9,5.3,9.9,5.0,96.6,High,12.3
33,36000,17500,25,medium,house,46.9,24.9,16.3,5.0,6.9,56.2,Medium,7.8
27,45000,17500,20,medium,retirement,48.5,24.8,14.8,5.0,6.9,54.7,Medium,7.2
23,30000,5000,20,medium,house,49.6,24.7,13.8,4.9,7.0,61.2,Medium,6.8
28,26000,11000,25,medium,wealth_building,48.3,24.8,15.0,5.0,6.9,64.5,Medium,6.9
41,40000,22000,15,high,house,54.8,22.0,8.2,10.0,5.0,80.4,High,11.4
31,40000,11500,35,medium,house,47.4,24.9,15.8,5.0,6.9,47.3,Medium,7.8
53,73000,34500,7,medium,wealth_preservation,41.8,25.4,21.5,4.3,7.0,65.3,Medium,8.3
36,64000,8000,15,medium,retirement,46.1,24.9,17.0,5.0,7.0,53.0,Medium,7.0
38,29000,16000,10,high,house,55.5,22.0,7.5,10.0,5.0,92.3,High,13.8
27,23000,8000,35,medium,retirement,48.5,24.8,14.8,5.0,6.9,55.6,Medium,9.5
31,45000,24000,15,medium,house,47.4,24.9,15.8,5.0,6.9,62.0,Medium,9.8
37,56000,39000,15,high,retirement,55.8,22.0,7.3,10.0,4.9,76.4,High,9.7
43,51000,16000,15,medium,retirement,44.3,25.1,18.8,4.8,7.0,55.0,Medium,8.3
41,46000,25500,10,medium,house,44.8,25.0,18.3,4.9,7.0,67.4,High,7.4
26,32000,9500,30,low,wealth_building,29.0,19.8,31.4,2.0,17.8,24.0,Low,5.1
37,38000,6000,10,high,retirement,55.8,22.0,7.3,10.0,4.9,91.1,High,9.3
50,69000,52000,10,medium,passive_income,42.5,25.3,20.6,4.5,7.1,57.7,Medium,8.1
44,46000,24000,10,high,children_education,54.1,22.1,9.0,9.8,5.0,90.5,High,13.0
27,36000,17500,35,high,wealth_building,58.4,21.8,4.8,9.9,5.1,96.7,High,9.2
35,36000,20000,5,low,house,26.4,19.9,33.7,2.0,18.0,29.4,Low,6.1
60,80000,47500,2,medium,retirement,29.7,25.6,31.6,0.8,12.3,54.9,Medium,8.9
37,49000,8500,7,high,children_education,55.8,22.0,7.3,10.0,4.9,99.8,High,14.4
28,45000,8000,25,high,house,58.2,21.8,5.1,9.9,5.0,84.4,High,13.0
30,28000,6000,20,medium,education,47.7,24.9,15.5,5.0,6.9,58.8,Medium,7.9
32,27000,13500,35,medium,wealth_building,47.2,24.9,16.0,5.0,6.9,51.7,Medium,8.5
29,40000,16500,35,high,education,57.9,21.9,5.3,9.9,5.0,96.9,High,13.5
39,37000,28500,15,medium,retirement,45.3,25.0,17.7,5.0,7.0,56.5,Medium,8.7
24,32000,7000,25,medium,retirement,49.3,24.8,14.0,5.0,6.9,58.7,Medium,8.9
40,47000,25000,5,medium,retirement,45.0,25.0,18.0,5.0,7.0,58.3,Medium,9.3
49,69000,49000,10,low,retirement,22.5,20.2,37.6,1.5,18.2,29.2,Low,5.9
50,46000,18500,5,low,wealth_preservation,22.3,20.2,37.9,1.4,18.2,25.0,Low,5.0
50,72000,43500,5,low,passive_income,22.3,20.2,37.9,1.4,18.2,25.6,Low,6.9
25,52000,15000,15,low,wealth_building,29.2,19.8,31.1,2.0,17.9,28.2,Low,4.9
33,40000,17500,35,low,house,27.0,19.9,33.2,2.0,17.9,21.4,Low,6.1
35,52000,17000,5,medium,house,46.4,24.9,16.7,5.0,7.0,68.5,High,9.2
41,42000,18500,5,high,retirement,54.8,22.0,8.2,10.0,5.0,89.5,High,14.5
37,48000,33500,5,low,wealth_building,25.9,20.0,34.2,2.0,17.9,29.7,Low,4.4
27,42000,14000,25,medium,retirement,48.5,24.8,14.8,5.0,6.9,59.3,Medium,9.3
26,40000,7000,30,high,house,58.7,21.8,4.6,9.9,5.0,90.5,High,10.0
48,58000,37000,7,low,retirement,22.8,20.2,37.3,1.5,18.2,18.0,Low,6.0
29,32000,9500,20,low,retirement,28.1,19.9,32.1,2.0,17.9,26.6,Low,6.6
57,72000,19500,3,low,passive_income,10.1,20.4,48.1,-2.1,23.5,0.0,Low,5.9
33,37000,18500,25,low,retirement,27.0,19.9,33.2,2.0,17.9,18.2,Low,5.0
34,45000,18500,25,medium,wealth_building,46.6,24.9,16.5,5.0,7.0,53.6,Medium,6.5
63,59000,69500,2,low,retirement,8.3,20.6,49.9,-2.4,23.6,13.6,Low,4.7
37,58000,7000,20,medium,retirement,45.8,25.0,17.2,5.0,7.0,56.4,Medium,7.4
23,25000,3000,30,high,retirement,59.5,21.8,3.9,9.9,4.9,88.8,High,9.1
31,29000,10500,20,high,education,57.4,21.9,5.8,9.9,5.0,82.2,High,12.4
35,35000,19000,10,high,wealth_building,56.3,21.9,6.8,10.0,5.0,86.1,High,11.0
41,42000,31000,7,medium,house,44.8,25.0,18.3,4.9,7.0,60.5,Medium,8.9
36,48000,18500,5,medium,children_education,46.1,24.9,17.0,5.0,7.0,67.3,High,8.7
53,56000,10500,3,low,wealth_preservation,11.3,20.3,46.9,-1.8,23.3,12.2,Low,4.9
39,36000,10000,7,medium,retirement,45.3,25.0,17.7,5.0,7.0,56.3,Medium,7.2
22,20000,8500,20,medium,house,49.9,24.7,13.5,4.9,7.0,64.6,Medium,6.5
53,65000,42500,5,medium,passive_income,41.8,25.4,21.5,4.3,7.0,62.9,Medium,6.7
24,50000,22000,15,high,retirement,59.2,21.8,4.1,9.9,5.0,82.5,High,11.4
34,36000,14500,30,medium,house,46.6,24.9,16.5,5.0,7.0,52.2,Medium,9.5
46,45000,37500,10,medium,retirement,43.5,25.2,19.6,4.7,7.0,60.6,Medium,9.3
24,29000,8000,35,high,house,59.2,21.8,4.1,9.9,5.0,95.1,High,9.3
22,36000,4000,15,medium,house,49.9,24.7,13.5,4.9,7.0,56.0,Medium,9.0
29,44000,22500,30,medium,wealth_building,48.0,24.8,15.3,5.0,6.9,57.6,Medium,9.2
43,45000,10500,10,low,retirement,24.2,20.1,35.8,1.8,18.1,23.7,Low,5.4
35,52000,11000,10,medium,house,46.4,24.9,16.7,5.0,7.0,64.4,Medium,9.1
61,74000,19500,7,medium,passive_income,39.7,25.6,23.6,3.8,7.3,44.1,Medium,9.4
29,32000,10500,25,medium,retirement,48.0,24.8,15.3,5.0,6.9,57.9,Medium,6.6
37,40000,27500,10,medium,wealth_building,45.8,25.0,17.2,5.0,7.0,64.6,Medium,9.2
48,54000,18000,15,medium,retirement,43.0,25.2,20.1,4.6,7.1,52.9,Medium,9.2
50,75000,65000,5,medium,retirement,42.5,25.3,20.6,4.5,7.1,58.9,Medium,7.6
28,30000,9000,35,medium,wealth_building,48.3,24.8,15.0,5.0,6.9,56.9,Medium,8.9
27,37000,9500,30,medium,wealth_building,48.5,24.8,14.8,5.0,6.9,62.9,Medium,6.6
53,80000,30000,5,low,retirement,21.4,20.3,38.7,1.2,18.4,20.9,Low,5.9
38,49000,32500,15,medium,retirement,45.5,25.0,17.5,5.0,7.0,56.7,Medium,7.9
53,65000,58000,3,low,retirement,11.3,20.3,46.9,-1.8,23.3,6.1,Low,4.3
51,59000,53000,3,high,travel,42.3,22.3,18.9,6.4,10.1,75.7,High,10.6
24,29000,3500,30,medium,wealth_building,49.3,24.8,14.0,5.0,6.9,67.5,High,7.0
28,45000,12500,20,medium,house,48.3,24.8,15.0,5.0,6.9,62.1,Medium,8.4
44,56000,22000,10,low,retirement,23.9,20.1,36.1,1.8,18.1,25.4,Low,5.2
48,68000,24500,10,low,retirement,22.8,20.2,37.3,1.5,18.2,27.6,Low,5.5
34,41000,7000,30,low,education,26.7,19.9,33.4,2.0,18.0,17.2,Low,6.2
24,49000,23000,25,medium,retirement,49.3,24.8,14.0,5.0,6.9,54.8,Medium,7.2
38,59000,44500,10,medium,children_education,45.5,25.0,17.5,5.0,7.0,64.1,Medium,8.6
30,53000,25500,25,medium,education,47.7,24.9,15.5,5.0,6.9,54.1,Medium,8.8
37,56000,15500,7,medium,retirement,45.8,25.0,17.2,5.0,7.0,59.3,Medium,8.7
28,27000,2500,15,high,wealth_building,58.2,21.8,5.1,9.9,5.0,93.0,High,10.4
50,66000,31500,5,medium,retirement,42.5,25.3,20.6,4.5,7.1,60.2,Medium,9.9
41,48000,29500,10,medium,wealth_building,44.8,25.0,18.3,4.9,7.0,60.6,Medium,6.6
33,41000,10000,25,high,retirement,56.9,21.9,6.3,10.0,4.9,85.8,High,14.7
51,66000,33000,5,low,travel,22.0,20.3,38.1,1.4,18.2,21.4,Low,4.4
37,29000,10000,5,medium,retirement,45.8,25.0,17.2,5.0,7.0,61.5,Medium,7.2
52,62000,27000,5,medium,retirement,42.0,25.4,21.2,4.3,7.1,64.8,Medium,9.1
24,29000,13000,25,medium,wealth_building,49.3,24.8,14.0,5.0,6.9,57.9,Medium,7.9
34,40000,11500,30,medium,house,46.6,24.9,16.5,5.0,7.0,48.5,Medium,6.7
30,45000,13000,30,medium,retirement,47.7,24.9,15.5,5.0,6.9,53.7,Medium,6.7
33,41000,21500,10,low,house,27.0,19.9,33.2,2.0,17.9,27.9,Low,5.5
42,45000,29500,15,medium,retirement,44.5,25.1,18.5,4.9,7.0,47.8,Medium,9.6
35,29000,5500,10,medium,retirement,46.4,24.9,16.7,5.0,7.0,66.4,High,8.1
51,55000,35000,5,low,passive_income,22.0,20.3,38.1,1.4,18.2,25.6,Low,4.5
47,46000,31500,7,low,wealth_building,23.1,20.2,37.0,1.6,18.1,22.2,Low,6.4
60,62000,65500,3,high,passive_income,40.0,22.5,21.3,5.9,10.3,72.4,High,13.8
26,39000,4000,30,medium,wealth_building,48.8,24.8,14.5,5.0,6.9,57.2,Medium,7.8
43,47000,10500,5,low,house,24.2,20.1,35.8,1.8,18.1,32.2,Low,6.2
40,37000,5500,10,high,wealth_building,55.0,22.0,8.0,10.0,5.0,86.6,High,11.0
42,52000,8000,5,medium,wealth_building,44.5,25.1,18.5,4.9,7.0,66.6,High,8.9
25,38000,16500,30,high,retirement,59.0,21.8,4.4,9.9,4.9,87.2,High,14.0
51,68000,24000,2,medium,retirement,32.1,25.3,29.0,1.4,12.2,58.6,Medium,7.7
37,22000,6500,5,low,retirement,25.9,20.0,34.2,2.0,17.9,33.3,Medium,4.9
55,71000,45000,2,low,retirement,10.7,20.4,47.5,-1.9,23.3,28.4,Low,5.3
25,32000,14500,35,high,wealth_building,59.0,21.8,4.4,9.9,4.9,90.3,High,12.7
51,72000,40500,10,medium,retirement,42.3,25.3,20.9,4.4,7.1,58.2,Medium,9.2
52,53000,30500,10,low,wealth_preservation,21.7,20.3,38.4,1.3,18.3,25.3,Low,4.1
39,59000,9500,15,medium,retirement,45.3,25.0,17.7,5.0,7.0,54.5,Medium,7.6
33,38000,7500,30,medium,retirement,46.9,24.9,16.3,5.0,6.9,53.8,Medium,8.1
40,49000,32500,10,medium,retirement,45.0,25.0,18.0,5.0,7.0,68.6,High,8.0
36,51000,18000,7,medium,house,46.1,24.9,17.0,5.0,7.0,69.3,High,8.0
40,56000,39500,7,medium,wealth_building,45.0,25.0,18.0,5.0,7.0,58.4,Medium,7.7
43,57000,12000,20,low,children_education,24.2,20.1,35.8,1.8,18.1,13.9,Low,6.1
42,63000,51000,10,high,house,54.5,22.1,8.5,9.9,5.0,91.2,High,12.2
38,50000,18500,10,high,retirement,55.5,22.0,7.5,10.0,5.0,86.2,High,11.7
28,49000,8000,25,medium,retirement,48.3,24.8,15.0,5.0,6.9,61.3,Medium,6.5
28,32000,17500,20,medium,retirement,48.3,24.8,15.0,5.0,6.9,58.2,Medium,8.6
25,31000,3000,30,medium,retirement,49.1,24.8,14.3,5.0,6.8,53.8,Medium,7.2
44,46000,30000,10,high,retirement,54.1,22.1,9.0,9.8,5.0,90.0,High,13.7
45,60000,29000,20,medium,house,43.8,25.2,19.3,4.7,7.0,48.3,Medium,7.8
64,78000,91500,3,high,travel,38.9,22.7,22.4,5.7,10.3,63.9,Medium,10.5
38,34000,4500,7,medium,retirement,45.5,25.0,17.5,5.0,7.0,63.5,Medium,7.1
55,62000,48500,5,high,retirement,51.4,22.4,11.8,9.3,5.1,89.6,High,10.5
61,74000,72500,2,medium,retirement,29.4,25.6,31.8,0.8,12.4,51.1,Medium,7.1
52,62000,61000,3,high,travel,42.0,22.3,19.2,6.4,10.1,73.1,High,12.3
29,33000,8000,20,high,retirement,57.9,21.9,5.3,9.9,5.0,82.0,High,13.4
22,36000,6500,20,low,wealth_building,30.1,19.8,30.4,2.0,17.7,27.0,Low,6.1
34,44000,26000,25,medium,retirement,46.6,24.9,16.5,5.0,7.0,56.7,Medium,8.0
